clip_suspect_contamination,n,accuracy,balanced_accuracy,f1_lie,auc_roc,error_rate,mean_score_lie
False,180,0.6555555555555556,0.6417004048582996,0.7102803738317757,0.6055161943319838,0.34444444444444444,0.5198520018398958
True,1250,0.5984,0.5991039853929616,0.6015873015873016,0.6086334366801813,0.40159999999999996,0.515603217737263
