method,method_label,fold,weights,accuracy_at_0p5,balanced_accuracy_at_0p5,f1_lie_at_0p5,macro_f1_at_0p5,auc_roc,auc_pr,calibrated_accuracy,calibrated_balanced_accuracy,calibrated_precision_lie,calibrated_recall_lie,calibrated_f1_lie,calibrated_macro_f1
cross_attention_auc,Cross-attention AUC baseline,mean,cross_attention_auc=1.00;gated_prior_kl=0.00,0.5281674183397996,0.5330635576442556,0.40864611170941195,0.41792094943648656,0.6197966441856452,0.6228581338404021,0.567027332798057,0.5721627226464537,0.6219721840484552,0.4895938067941838,0.48358083123339807,0.5229539489842406
ensemble_raw_auc_roc,Final ensemble raw-AUC,mean,cross_attention_auc=0.62;gated_prior_kl=0.38,0.5600319096478645,0.5424700802137444,0.6726272523060747,0.45659947715511495,0.6519832574384129,0.6553017085904743,0.5977815837717436,0.5999543524273842,0.6407039513612894,0.5544234740696544,0.5905961742976116,0.5952994792598741
ensemble_raw_balanced_accuracy,Final ensemble raw-BA,mean,cross_attention_auc=0.65;gated_prior_kl=0.35,0.5657790360846462,0.5489621747684613,0.6739220388263286,0.4721970717290796,0.6542570436652325,0.6557758338096751,0.6056838826223183,0.6054182731554928,0.6380418159888737,0.603403065906389,0.6139188936987624,0.601306338354237
gated_prior_kl,Gated logits prior-KL,mean,cross_attention_auc=0.00;gated_prior_kl=1.00,0.5752262902703854,0.557126742670068,0.6877157850305005,0.49186884477893206,0.643770851118952,0.651670615648412,0.5936264907822486,0.5939100617764207,0.6223578014699259,0.5860030150384695,0.6026902008310396,0.5926072689213212
