{
  "accuracy": 0.5909090909090909,
  "balanced_accuracy": 0.5,
  "precision_lie": 0.5909090909090909,
  "recall_lie": 1.0,
  "f1_lie": 0.7428571428571429,
  "macro_f1": 0.37142857142857144,
  "confusion_matrix": [
    [
      0,
      36
    ],
    [
      0,
      52
    ]
  ],
  "threshold": 0.5,
  "auc_roc": 0.45779914529914534,
  "auc_pr": 0.6548764333471435
}