{
  "accuracy": 0.5,
  "balanced_accuracy": 0.5769230769230769,
  "precision_lie": 1.0,
  "recall_lie": 0.15384615384615385,
  "f1_lie": 0.26666666666666666,
  "macro_f1": 0.44367816091954027,
  "confusion_matrix": [
    [
      36,
      0
    ],
    [
      44,
      8
    ]
  ],
  "threshold": 0.4961623946825663,
  "auc_roc": 0.5678418803418803,
  "auc_pr": 0.6908096915134647
}