{
  "accuracy": 0.6086956521739131,
  "balanced_accuracy": 0.5,
  "precision_lie": 0.6086956521739131,
  "recall_lie": 1.0,
  "f1_lie": 0.7567567567567568,
  "macro_f1": 0.3783783783783784,
  "confusion_matrix": [
    [
      0,
      45
    ],
    [
      0,
      70
    ]
  ],
  "threshold": 0.5,
  "auc_roc": 0.6977777777777778,
  "auc_pr": 0.7992194532898503
}