{
  "accuracy": 0.5384615384615384,
  "balanced_accuracy": 0.5576923076923077,
  "precision_lie": 0.6666666666666666,
  "recall_lie": 0.46153846153846156,
  "f1_lie": 0.5454545454545454,
  "macro_f1": 0.5383522727272727,
  "confusion_matrix": [
    [
      34,
      18
    ],
    [
      42,
      36
    ]
  ],
  "threshold": 0.5,
  "auc_roc": 0.6017011834319527,
  "auc_pr": 0.6550708941262975
}