{
  "accuracy": 0.4090909090909091,
  "balanced_accuracy": 0.5,
  "precision_lie": 0.0,
  "recall_lie": 0.0,
  "f1_lie": 0.0,
  "macro_f1": 0.2903225806451613,
  "confusion_matrix": [
    [
      36,
      0
    ],
    [
      52,
      0
    ]
  ],
  "threshold": 0.5,
  "auc_roc": 0.5678418803418803,
  "auc_pr": 0.6908096915134647
}