{
  "accuracy": 0.6846153846153846,
  "balanced_accuracy": 0.6185897435897436,
  "precision_lie": 0.6666666666666666,
  "recall_lie": 0.9487179487179487,
  "f1_lie": 0.783068783068783,
  "macro_f1": 0.6028019971681944,
  "confusion_matrix": [
    [
      15,
      37
    ],
    [
      4,
      74
    ]
  ],
  "threshold": 0.4210688717663288,
  "auc_roc": 0.6017011834319527,
  "auc_pr": 0.6550708941262975
}