method,w_spatial,w_flow,w_audio,threshold,val_auc_roc,val_balanced_accuracy,val_f1_lie,test_auc_roc,test_balanced_accuracy,test_f1_lie,test_macro_f1,test_confusion_matrix,test_score_mean,test_score_std,extra
late_raw_balanced_accuracy,0.05,0.47,0.48,0.5290409820526838,0.703155818540434,0.6987179487179487,0.5964912280701754,0.5810082937284503,0.5430901127574317,0.442159383033419,0.5197809902180082,"[[161, 58], [159, 86]]",0.5265102276210645,0.006398306805453832,"{""grid_step"": 0.01, ""mode"": ""raw"", ""objective"": ""balanced_accuracy""}"
late_raw_auc_roc,0.09,0.1,0.81,0.5359566687792541,0.705621301775148,0.6858974358974359,0.5714285714285714,0.5758456807380486,0.531329792190849,0.41160949868073876,0.5027082101782564,"[[163, 56], [167, 78]]",0.5304503658833738,0.01068308068041397,"{""grid_step"": 0.01, ""mode"": ""raw"", ""objective"": ""auc_roc""}"
late_logit_balanced_accuracy,0.05,0.47,0.48,0.529046835718895,0.703155818540434,0.6987179487179487,0.5964912280701754,0.5808964681763116,0.5430901127574317,0.442159383033419,0.5197809902180082,"[[161, 58], [159, 86]]",0.5265237263708928,0.006416164262905263,"{""grid_step"": 0.01, ""mode"": ""logit"", ""objective"": ""balanced_accuracy""}"
late_logit_auc_roc,0.09,0.11,0.8,0.5357461040289625,0.705621301775148,0.6858974358974359,0.5714285714285714,0.5761438822104185,0.5333706085173795,0.41578947368421054,0.5053399923165578,"[[163, 56], [166, 79]]",0.5303293247496949,0.010572841299667003,"{""grid_step"": 0.01, ""mode"": ""logit"", ""objective"": ""auc_roc""}"
gated_logreg,,,,0.619278066603542,0.7029092702169626,0.6858974358974359,0.5982905982905983,0.5780449165967757,0.5400801416456994,0.4494949494949495,0.519860256702362,"[[157, 62], [156, 89]]",0.531005037361841,0.1919410210200862,"{""class_weight"": ""balanced"", ""coef_audio"": 0.8052710448991655, ""coef_flow"": 0.04862307174903538, ""coef_spatial"": 0.13427404374541693, ""intercept"": 0.07640012861113857, ""model"": ""StandardScaler+LogisticRegression""}"
