method,method_label,fold,weights,accuracy_at_0p5,balanced_accuracy_at_0p5,f1_lie_at_0p5,macro_f1_at_0p5,auc_roc,auc_pr,calibrated_accuracy,calibrated_balanced_accuracy,calibrated_precision_lie,calibrated_recall_lie,calibrated_f1_lie,calibrated_macro_f1
cross_attention_auc,Cross-attention AUC baseline,mean,cross_attention_auc=1.00;gated_prior_kl=0.00,0.5410421364623748,0.5523616775330158,0.3747878787878787,0.48936135874593284,0.6059034476700981,0.6162912205328456,0.5615055949786502,0.5670284283549615,0.6325471191614165,0.4654392243970995,0.4805800533255676,0.5302200343498008
ensemble_raw_auc_roc,Final ensemble raw-AUC,mean,cross_attention_auc=0.37;gated_prior_kl=0.63,0.5564548846337436,0.5611062847744356,0.5128530928688342,0.541983082992859,0.6194220374727686,0.6368688638521832,0.5816502230778237,0.5810361728650949,0.6071653948046188,0.594320348831309,0.5989055255445015,0.5794673305897827
ensemble_raw_balanced_accuracy,Final ensemble raw-BA,mean,cross_attention_auc=0.07;gated_prior_kl=0.93,0.5624060654937098,0.5626140117099518,0.5275589746963857,0.5274789634820521,0.617178251269107,0.6349877407565906,0.5819710489565066,0.5757388281253171,0.5893302308084883,0.6911014725017672,0.6309243602974254,0.5668680373356751
gated_prior_kl,Gated logits prior-KL,mean,cross_attention_auc=0.00;gated_prior_kl=1.00,0.5515910825236193,0.5457544960504194,0.5749429260565431,0.4944866962326731,0.6080520586161194,0.6304810854196233,0.5685276735539161,0.5678479570894545,0.5952803435423757,0.5783255163925585,0.5851365664470349,0.5664279656954377
