host,n,truth,lie,accuracy,balanced_accuracy,f1_lie,auc_roc,pred_lie_rate,tn,fp,fn,tp
SB,183,82,101,0.5081967213114754,0.5051316107220478,0.5454545454545454,0.5264428881912582,0.5300546448087432,39,43,47,54
YW,338,153,185,0.5650887573964497,0.5586115527291998,0.6121372031662269,0.5941706412294648,0.5739644970414202,75,78,69,116
LS,374,166,208,0.5775401069518716,0.5757935588507878,0.6089108910891089,0.5772416589434662,0.5240641711229946,93,73,85,123
BRI,269,158,111,0.6059479553903345,0.5975595849013571,0.5350877192982456,0.5984148705667692,0.4349442379182156,102,56,50,61
AN,266,116,150,0.6353383458646616,0.6366091954022989,0.6596491228070176,0.6849425287356322,0.5075187969924813,75,41,56,94
