clip_suspect_contamination,n,accuracy,balanced_accuracy,f1_lie,auc_roc,error_rate,mean_score_lie
False,179,0.6145251396648045,0.6028775146422205,0.6698564593301436,0.6270690094219507,0.3854748603351955,0.5010870842221855
True,1251,0.5771382893685052,0.5770588024399863,0.5883268482490273,0.5981551573135566,0.4228617106314948,0.4953462960974956
