{
  "accuracy": 0.5153846153846153,
  "balanced_accuracy": 0.5833333333333334,
  "precision_lie": 0.8260869565217391,
  "recall_lie": 0.24358974358974358,
  "f1_lie": 0.37623762376237624,
  "macro_f1": 0.4900056043340183,
  "confusion_matrix": [
    [
      48,
      4
    ],
    [
      59,
      19
    ]
  ],
  "threshold": 0.4819139838218689,
  "auc_roc": 0.5433925049309665,
  "auc_pr": 0.6627897335191388
}