{
  "accuracy": 0.6076923076923076,
  "balanced_accuracy": 0.6057692307692308,
  "precision_lie": 0.6956521739130435,
  "recall_lie": 0.6153846153846154,
  "f1_lie": 0.6530612244897959,
  "macro_f1": 0.6008668954307386,
  "confusion_matrix": [
    [
      31,
      21
    ],
    [
      30,
      48
    ]
  ],
  "threshold": 0.5459980191662908,
  "auc_roc": 0.6163708086785009,
  "auc_pr": 0.7282731041635064
}