{
  "accuracy": 0.6704545454545454,
  "balanced_accuracy": 0.6485042735042735,
  "precision_lie": 0.7017543859649122,
  "recall_lie": 0.7692307692307693,
  "f1_lie": 0.7339449541284404,
  "macro_f1": 0.6505545666164589,
  "confusion_matrix": [
    [
      19,
      17
    ],
    [
      12,
      40
    ]
  ],
  "threshold": 0.5262111377503191,
  "auc_roc": 0.6458333333333333,
  "auc_pr": 0.7000879342445165
}