{
  "accuracy": 0.553941908713693,
  "balanced_accuracy": 0.533467386989316,
  "precision_lie": 0.5431818181818182,
  "recall_lie": 0.9446640316205533,
  "f1_lie": 0.6897546897546898,
  "macro_f1": 0.448198378087677,
  "confusion_matrix": [
    [
      28,
      201
    ],
    [
      14,
      239
    ]
  ],
  "threshold": 0.5,
  "auc_roc": 0.6216925280908573,
  "auc_pr": 0.6344061611536739,
  "bootstrap_95ci": {
    "accuracy": {
      "low": 0.5103734439834025,
      "high": 0.5954356846473029
    },
    "f1_lie": {
      "low": 0.6496182147441776,
      "high": 0.7285134328245401
    },
    "auc_roc": {
      "low": 0.5686856361258609,
      "high": 0.6711772687732688
    }
  },
  "calibrated_threshold_metrics": {
    "accuracy": 0.5892116182572614,
    "balanced_accuracy": 0.5906760791894644,
    "precision_lie": 0.6200873362445415,
    "recall_lie": 0.5612648221343873,
    "f1_lie": 0.5892116182572614,
    "macro_f1": 0.5892116182572614,
    "confusion_matrix": [
      [
        142,
        87
      ],
      [
        111,
        142
      ]
    ],
    "threshold": 0.5139600109486353,
    "auc_roc": 0.6216925280908573,
    "auc_pr": 0.6344061611536739
  },
  "threshold_calibration": {
    "threshold": 0.5139600109486353,
    "metric": "balanced_accuracy",
    "metric_value": 0.6253968253968254
  },
  "val_metrics_default_threshold": {
    "accuracy": 0.6260869565217392,
    "balanced_accuracy": 0.5341269841269841,
    "precision_lie": 0.6261682242990654,
    "recall_lie": 0.9571428571428572,
    "f1_lie": 0.7570621468926554,
    "macro_f1": 0.47287069608783716,
    "confusion_matrix": [
      [
        5,
        40
      ],
      [
        3,
        67
      ]
    ],
    "threshold": 0.5,
    "auc_roc": 0.6374603174603176,
    "auc_pr": 0.7595376654503333
  },
  "val_metrics_calibrated_threshold": {
    "accuracy": 0.6260869565217392,
    "balanced_accuracy": 0.6253968253968254,
    "precision_lie": 0.7213114754098361,
    "recall_lie": 0.6285714285714286,
    "f1_lie": 0.6717557251908397,
    "macro_f1": 0.6187061454237026,
    "confusion_matrix": [
      [
        28,
        17
      ],
      [
        26,
        44
      ]
    ],
    "threshold": 0.5139600109486353,
    "auc_roc": 0.6374603174603176,
    "auc_pr": 0.7595376654503333
  }
}