{
  "accuracy": 0.6260869565217392,
  "balanced_accuracy": 0.5341269841269841,
  "precision_lie": 0.6261682242990654,
  "recall_lie": 0.9571428571428572,
  "f1_lie": 0.7570621468926554,
  "macro_f1": 0.47287069608783716,
  "confusion_matrix": [
    [
      5,
      40
    ],
    [
      3,
      67
    ]
  ],
  "threshold": 0.5,
  "auc_roc": 0.6374603174603176,
  "auc_pr": 0.7595376654503333
}