{
  "accuracy": 0.6307692307692307,
  "balanced_accuracy": 0.5416666666666667,
  "precision_lie": 0.6209677419354839,
  "recall_lie": 0.9871794871794872,
  "f1_lie": 0.7623762376237624,
  "macro_f1": 0.46739501536360534,
  "confusion_matrix": [
    [
      5,
      47
    ],
    [
      1,
      77
    ]
  ],
  "threshold": 0.5,
  "auc_roc": 0.6163708086785009,
  "auc_pr": 0.7282731041635064
}