{
  "accuracy": 0.6260869565217392,
  "balanced_accuracy": 0.6253968253968254,
  "precision_lie": 0.7213114754098361,
  "recall_lie": 0.6285714285714286,
  "f1_lie": 0.6717557251908397,
  "macro_f1": 0.6187061454237026,
  "confusion_matrix": [
    [
      28,
      17
    ],
    [
      26,
      44
    ]
  ],
  "threshold": 0.5139600109486353,
  "auc_roc": 0.6374603174603176,
  "auc_pr": 0.7595376654503333
}