{
  "accuracy": 0.6022727272727273,
  "balanced_accuracy": 0.5523504273504274,
  "precision_lie": 0.6231884057971014,
  "recall_lie": 0.8269230769230769,
  "f1_lie": 0.7107438016528925,
  "macro_f1": 0.5371900826446281,
  "confusion_matrix": [
    [
      10,
      26
    ],
    [
      9,
      43
    ]
  ],
  "threshold": 0.5,
  "auc_roc": 0.6458333333333333,
  "auc_pr": 0.7000879342445165
}