host,n,truth,lie,accuracy,balanced_accuracy,f1_lie,auc_roc,pred_lie_rate,tn,fp,fn,tp
SB,183,82,101,0.5191256830601093,0.5161796667471625,0.5555555555555556,0.545278918135716,0.5300546448087432,40,42,46,55
LS,374,166,208,0.5588235294117647,0.5541010194624653,0.6004842615012107,0.5842794253938832,0.5481283422459893,85,81,84,124
YW,338,153,185,0.5710059171597633,0.5674085850556438,0.6070460704607046,0.5922981805334747,0.5443786982248521,81,72,73,112
BRI,269,158,111,0.587360594795539,0.5763770099213137,0.5066666666666667,0.6022921655833049,0.42379182156133827,101,57,54,57
AN,266,116,150,0.6203007518796992,0.6183908045977011,0.6529209621993127,0.6980459770114942,0.5300751879699248,70,46,55,95
