clip_suspect_contamination,n,accuracy,balanced_accuracy,f1_lie,auc_roc,error_rate,mean_score_lie
False,180,0.6,0.5936234817813766,0.6470588235294118,0.6227226720647773,0.4,0.4971960087520666
True,1250,0.5696,0.5691872526920188,0.5835913312693498,0.6066229173558594,0.4304,0.4920658936567278
