{
  "accuracy": 0.5384615384615384,
  "balanced_accuracy": 0.6057692307692307,
  "precision_lie": 0.875,
  "recall_lie": 0.2692307692307692,
  "f1_lie": 0.4117647058823529,
  "macro_f1": 0.5160089352196575,
  "confusion_matrix": [
    [
      49,
      3
    ],
    [
      57,
      21
    ]
  ],
  "threshold": 0.5330039337277412,
  "auc_roc": 0.5743343195266272,
  "auc_pr": 0.6977757515799161
}