{
  "accuracy": 0.6230769230769231,
  "balanced_accuracy": 0.5576923076923077,
  "precision_lie": 0.6330275229357798,
  "recall_lie": 0.8846153846153846,
  "f1_lie": 0.7379679144385026,
  "macro_f1": 0.5333675188630869,
  "confusion_matrix": [
    [
      12,
      40
    ],
    [
      9,
      69
    ]
  ],
  "threshold": 0.5,
  "auc_roc": 0.5743343195266272,
  "auc_pr": 0.6977757515799161
}