{
  "accuracy": 0.5153846153846153,
  "balanced_accuracy": 0.5544871794871795,
  "precision_lie": 0.6829268292682927,
  "recall_lie": 0.358974358974359,
  "f1_lie": 0.47058823529411764,
  "macro_f1": 0.5118898623279099,
  "confusion_matrix": [
    [
      39,
      13
    ],
    [
      50,
      28
    ]
  ],
  "threshold": 0.48952546148073106,
  "auc_roc": 0.5347633136094675,
  "auc_pr": 0.6389515885683701
}