{
  "accuracy": 0.47692307692307695,
  "balanced_accuracy": 0.5448717948717948,
  "precision_lie": 0.7272727272727273,
  "recall_lie": 0.20512820512820512,
  "f1_lie": 0.32,
  "macro_f1": 0.4475,
  "confusion_matrix": [
    [
      46,
      6
    ],
    [
      62,
      16
    ]
  ],
  "threshold": 0.5,
  "auc_roc": 0.5347633136094675,
  "auc_pr": 0.6389515885683701
}