{
  "accuracy": 0.6590909090909091,
  "balanced_accuracy": 0.6688034188034189,
  "precision_lie": 0.7619047619047619,
  "recall_lie": 0.6153846153846154,
  "f1_lie": 0.6808510638297872,
  "macro_f1": 0.6574987026466009,
  "confusion_matrix": [
    [
      26,
      10
    ],
    [
      20,
      32
    ]
  ],
  "threshold": 0.6780782699584961,
  "auc_roc": 0.6485042735042735,
  "auc_pr": 0.6860728873299539
}