{
  "accuracy": 0.628099173553719,
  "balanced_accuracy": 0.6181799482336001,
  "precision_lie": 0.6191950464396285,
  "recall_lie": 0.7782101167315175,
  "f1_lie": 0.6896551724137931,
  "macro_f1": 0.6128688233202986,
  "confusion_matrix": [
    [
      104,
      123
    ],
    [
      57,
      200
    ]
  ],
  "threshold": 0.5,
  "auc_roc": 0.6527880148785546,
  "auc_pr": 0.6608358345658406,
  "bootstrap_95ci": {
    "accuracy": {
      "low": 0.5847107438016529,
      "high": 0.6756198347107438
    },
    "f1_lie": {
      "low": 0.6419741634027348,
      "high": 0.7315518295098294
    },
    "auc_roc": {
      "low": 0.6047333503103995,
      "high": 0.7015950917812132
    }
  },
  "calibrated_threshold_metrics": {
    "accuracy": 0.5723140495867769,
    "balanced_accuracy": 0.5821063096727747,
    "precision_lie": 0.6488095238095238,
    "recall_lie": 0.42412451361867703,
    "f1_lie": 0.5129411764705882,
    "macro_f1": 0.5658628534286643,
    "confusion_matrix": [
      [
        168,
        59
      ],
      [
        148,
        109
      ]
    ],
    "threshold": 0.6780782699584961,
    "auc_roc": 0.6527880148785546,
    "auc_pr": 0.6608358345658406,
    "bootstrap_95ci": {
      "accuracy": {
        "low": 0.5289256198347108,
        "high": 0.6177685950413223
      },
      "f1_lie": {
        "low": 0.4517766497461929,
        "high": 0.5720628577321714
      },
      "auc_roc": {
        "low": 0.6047333503103995,
        "high": 0.7015950917812132
      }
    }
  },
  "threshold_calibration": {
    "threshold": 0.6780782699584961,
    "metric": "balanced_accuracy",
    "metric_value": 0.6688034188034189
  },
  "val_metrics_default_threshold": {
    "accuracy": 0.6363636363636364,
    "balanced_accuracy": 0.5769230769230769,
    "precision_lie": 0.6351351351351351,
    "recall_lie": 0.9038461538461539,
    "f1_lie": 0.746031746031746,
    "macro_f1": 0.553015873015873,
    "confusion_matrix": [
      [
        9,
        27
      ],
      [
        5,
        47
      ]
    ],
    "threshold": 0.5,
    "auc_roc": 0.6485042735042735,
    "auc_pr": 0.6860728873299539
  },
  "val_metrics_calibrated_threshold": {
    "accuracy": 0.6590909090909091,
    "balanced_accuracy": 0.6688034188034189,
    "precision_lie": 0.7619047619047619,
    "recall_lie": 0.6153846153846154,
    "f1_lie": 0.6808510638297872,
    "macro_f1": 0.6574987026466009,
    "confusion_matrix": [
      [
        26,
        10
      ],
      [
        20,
        32
      ]
    ],
    "threshold": 0.6780782699584961,
    "auc_roc": 0.6485042735042735,
    "auc_pr": 0.6860728873299539
  }
}