{
  "accuracy": 0.6363636363636364,
  "balanced_accuracy": 0.5769230769230769,
  "precision_lie": 0.6351351351351351,
  "recall_lie": 0.9038461538461539,
  "f1_lie": 0.746031746031746,
  "macro_f1": 0.553015873015873,
  "confusion_matrix": [
    [
      9,
      27
    ],
    [
      5,
      47
    ]
  ],
  "threshold": 0.5,
  "auc_roc": 0.6485042735042735,
  "auc_pr": 0.6860728873299539
}