{
  "accuracy": 0.6347826086956522,
  "balanced_accuracy": 0.6484126984126984,
  "precision_lie": 0.7592592592592593,
  "recall_lie": 0.5857142857142857,
  "f1_lie": 0.6612903225806451,
  "macro_f1": 0.6325319537431527,
  "confusion_matrix": [
    [
      32,
      13
    ],
    [
      29,
      41
    ]
  ],
  "threshold": 0.5096237480640411,
  "auc_roc": 0.647936507936508,
  "auc_pr": 0.7586930352828903
}