{
  "per_fold": [
    {
      "fold": "fold1",
      "best_epoch": 12,
      "best_val_auc_roc": 0.6485042735042735,
      "best_val_f1_lie": 0.746031746031746,
      "threshold": 0.5,
      "accuracy": 0.628099173553719,
      "balanced_accuracy": 0.6181799482336001,
      "precision_lie": 0.6191950464396285,
      "recall_lie": 0.7782101167315175,
      "f1_lie": 0.6896551724137931,
      "macro_f1": 0.6128688233202986,
      "auc_roc": 0.6527880148785546,
      "auc_pr": 0.6608358345658406,
      "confusion_matrix": [
        [
          104,
          123
        ],
        [
          57,
          200
        ]
      ],
      "calibrated_threshold": 0.6780782699584961,
      "cal_accuracy": 0.5723140495867769,
      "cal_balanced_accuracy": 0.5821063096727747,
      "cal_precision_lie": 0.6488095238095238,
      "cal_recall_lie": 0.42412451361867703,
      "cal_f1_lie": 0.5129411764705882,
      "cal_macro_f1": 0.5658628534286643,
      "cal_auc_roc": 0.6527880148785546,
      "cal_auc_pr": 0.6608358345658406,
      "cal_confusion_matrix": [
        [
          168,
          59
        ],
        [
          148,
          109
        ]
      ]
    },
    {
      "fold": "fold2",
      "best_epoch": 2,
      "best_val_auc_roc": 0.647936507936508,
      "best_val_f1_lie": 0.7567567567567568,
      "threshold": 0.5,
      "accuracy": 0.524896265560166,
      "balanced_accuracy": 0.5,
      "precision_lie": 0.524896265560166,
      "recall_lie": 1.0,
      "f1_lie": 0.6884353741496598,
      "macro_f1": 0.3442176870748299,
      "auc_roc": 0.6094637278423115,
      "auc_pr": 0.6211530470562298,
      "confusion_matrix": [
        [
          0,
          229
        ],
        [
          0,
          253
        ]
      ],
      "calibrated_threshold": 0.5096237480640411,
      "cal_accuracy": 0.5809128630705395,
      "cal_balanced_accuracy": 0.5825638193209866,
      "cal_precision_lie": 0.6123348017621145,
      "cal_recall_lie": 0.549407114624506,
      "cal_f1_lie": 0.5791666666666667,
      "cal_macro_f1": 0.5809056473829202,
      "cal_auc_roc": 0.6094637278423115,
      "cal_auc_pr": 0.6211530470562298,
      "cal_confusion_matrix": [
        [
          141,
          88
        ],
        [
          114,
          139
        ]
      ]
    },
    {
      "fold": "fold3",
      "best_epoch": 1,
      "best_val_auc_roc": 0.5347633136094675,
      "best_val_f1_lie": 0.32,
      "threshold": 0.5,
      "accuracy": 0.4892241379310345,
      "balanced_accuracy": 0.5117230453825365,
      "precision_lie": 0.5869565217391305,
      "recall_lie": 0.11020408163265306,
      "f1_lie": 0.18556701030927836,
      "macro_f1": 0.4067552476978103,
      "auc_roc": 0.5793495480383934,
      "auc_pr": 0.5889112470344231,
      "confusion_matrix": [
        [
          200,
          19
        ],
        [
          218,
          27
        ]
      ],
      "calibrated_threshold": 0.48952546148073106,
      "cal_accuracy": 0.5107758620689655,
      "cal_balanced_accuracy": 0.5258317025440313,
      "cal_precision_lie": 0.5833333333333334,
      "cal_recall_lie": 0.2571428571428571,
      "cal_f1_lie": 0.35694050991501414,
      "cal_macro_f1": 0.481078950609681,
      "cal_auc_roc": 0.5793495480383934,
      "cal_auc_pr": 0.5889112470344231,
      "cal_confusion_matrix": [
        [
          174,
          45
        ],
        [
          182,
          63
        ]
      ]
    }
  ],
  "summary": [
    {
      "setting": "default_threshold_0.5",
      "stat": "mean",
      "accuracy": 0.5474065256816398,
      "balanced_accuracy": 0.5433009978720456,
      "precision_lie": 0.5770159445796416,
      "recall_lie": 0.6294713994547235,
      "f1_lie": 0.5212191856242437,
      "macro_f1": 0.4546139193643129,
      "auc_roc": 0.6138670969197532,
      "auc_pr": 0.6236333762188312
    },
    {
      "setting": "default_threshold_0.5",
      "stat": "std",
      "accuracy": 0.07212213764062174,
      "balanced_accuracy": 0.0651114456428082,
      "precision_lie": 0.04792886734042476,
      "recall_lie": 0.463170161602253,
      "f1_lie": 0.2906839504895351,
      "macro_f1": 0.14057452682387703,
      "auc_roc": 0.03691672178542525,
      "auc_pr": 0.03602638751605929
    },
    {
      "setting": "calibrated_threshold",
      "stat": "mean",
      "accuracy": 0.5546675915754273,
      "balanced_accuracy": 0.5635006105125975,
      "precision_lie": 0.6148258863016572,
      "recall_lie": 0.41022482846201336,
      "f1_lie": 0.4830161176840897,
      "macro_f1": 0.5426158171404217,
      "auc_roc": 0.6138670969197532,
      "auc_pr": 0.6236333762188312
    },
    {
      "setting": "calibrated_threshold",
      "stat": "std",
      "accuracy": 0.038253729721864235,
      "balanced_accuracy": 0.03262303326528334,
      "precision_lie": 0.032809099445976195,
      "recall_lie": 0.14662707794236257,
      "f1_lie": 0.11409534628407972,
      "macro_f1": 0.05382063609159787,
      "auc_roc": 0.03691672178542525,
      "auc_pr": 0.03602638751605929
    }
  ],
  "combined_default_threshold_0.5": {
    "accuracy": 0.5482517482517483,
    "balanced_accuracy": 0.543065979887172,
    "precision_lie": 0.564042303172738,
    "recall_lie": 0.6357615894039735,
    "f1_lie": 0.597758405977584,
    "macro_f1": 0.5413034454130344,
    "confusion_matrix": [
      [
        304,
        371
      ],
      [
        275,
        480
      ]
    ],
    "threshold": 0.5,
    "auc_roc": 0.5938278145695365,
    "auc_pr": 0.6120194217055179
  },
  "combined_per_fold_calibrated_threshold": {
    "accuracy": 0.5552447552447553,
    "balanced_accuracy": 0.56373804267844,
    "precision_lie": 0.6182902584493042,
    "recall_lie": 0.4119205298013245,
    "f1_lie": 0.4944356120826709,
    "macro_f1": 0.5487159333821594,
    "confusion_matrix": [
      [
        483,
        192
      ],
      [
        444,
        311
      ]
    ],
    "auc_roc": 0.5938278145695365,
    "auc_pr": 0.6120194217055179,
    "threshold": "per_fold_calibrated"
  },
  "paper_reference": {
    "PAVF": {
      "accuracy": 0.6475,
      "f1_lie": 0.712,
      "auc_roc": 0.6271
    },
    "PAVF_MTL": {
      "accuracy": 0.6684,
      "f1_lie": 0.7335,
      "auc_roc": 0.6458
    }
  }
}