fold,best_epoch,best_val_auc_roc,best_val_f1_lie,threshold,accuracy,balanced_accuracy,precision_lie,recall_lie,f1_lie,macro_f1,auc_roc,auc_pr,confusion_matrix,calibrated_threshold,cal_accuracy,cal_balanced_accuracy,cal_precision_lie,cal_recall_lie,cal_f1_lie,cal_macro_f1,cal_auc_roc,cal_auc_pr,cal_confusion_matrix
fold1,12,0.6485042735042735,0.746031746031746,0.5,0.628099173553719,0.6181799482336001,0.6191950464396285,0.7782101167315175,0.6896551724137931,0.6128688233202986,0.6527880148785546,0.6608358345658406,"[[104, 123], [57, 200]]",0.6780782699584961,0.5723140495867769,0.5821063096727747,0.6488095238095238,0.42412451361867703,0.5129411764705882,0.5658628534286643,0.6527880148785546,0.6608358345658406,"[[168, 59], [148, 109]]"
fold2,2,0.647936507936508,0.7567567567567568,0.5,0.524896265560166,0.5,0.524896265560166,1.0,0.6884353741496598,0.3442176870748299,0.6094637278423115,0.6211530470562298,"[[0, 229], [0, 253]]",0.5096237480640411,0.5809128630705395,0.5825638193209866,0.6123348017621145,0.549407114624506,0.5791666666666667,0.5809056473829202,0.6094637278423115,0.6211530470562298,"[[141, 88], [114, 139]]"
fold3,1,0.5347633136094675,0.32,0.5,0.4892241379310345,0.5117230453825365,0.5869565217391305,0.11020408163265306,0.18556701030927836,0.4067552476978103,0.5793495480383934,0.5889112470344231,"[[200, 19], [218, 27]]",0.48952546148073106,0.5107758620689655,0.5258317025440313,0.5833333333333334,0.2571428571428571,0.35694050991501414,0.481078950609681,0.5793495480383934,0.5889112470344231,"[[174, 45], [182, 63]]"
