{
  "accuracy": 0.6,
  "balanced_accuracy": 0.5,
  "precision_lie": 0.6,
  "recall_lie": 1.0,
  "f1_lie": 0.75,
  "macro_f1": 0.375,
  "confusion_matrix": [
    [
      0,
      52
    ],
    [
      0,
      78
    ]
  ],
  "threshold": 0.5,
  "auc_roc": 0.5576923076923077,
  "auc_pr": 0.7023678907415565
}