{
  "accuracy": 0.6,
  "balanced_accuracy": 0.49682539682539684,
  "precision_lie": 0.6071428571428571,
  "recall_lie": 0.9714285714285714,
  "f1_lie": 0.7472527472527473,
  "macro_f1": 0.39445970695970695,
  "confusion_matrix": [
    [
      1,
      44
    ],
    [
      2,
      68
    ]
  ],
  "threshold": 0.5,
  "auc_roc": 0.653015873015873,
  "auc_pr": 0.75903198592836
}