{
  "accuracy": 0.6434782608695652,
  "balanced_accuracy": 0.6753968253968254,
  "precision_lie": 0.8222222222222222,
  "recall_lie": 0.5285714285714286,
  "f1_lie": 0.6434782608695652,
  "macro_f1": 0.6434782608695652,
  "confusion_matrix": [
    [
      37,
      8
    ],
    [
      33,
      37
    ]
  ],
  "threshold": 0.5502059786092668,
  "auc_roc": 0.648888888888889,
  "auc_pr": 0.763901355276373
}