{
  "accuracy": 0.5230769230769231,
  "balanced_accuracy": 0.5833333333333333,
  "precision_lie": 0.7857142857142857,
  "recall_lie": 0.28205128205128205,
  "f1_lie": 0.41509433962264153,
  "macro_f1": 0.5062484685126194,
  "confusion_matrix": [
    [
      46,
      6
    ],
    [
      56,
      22
    ]
  ],
  "threshold": 0.5604185710350673,
  "auc_roc": 0.5759368836291914,
  "auc_pr": 0.7078806339783457
}