{
  "accuracy": 0.6022727272727273,
  "balanced_accuracy": 0.5224358974358975,
  "precision_lie": 0.6024096385542169,
  "recall_lie": 0.9615384615384616,
  "f1_lie": 0.7407407407407407,
  "macro_f1": 0.44354110207768743,
  "confusion_matrix": [
    [
      3,
      33
    ],
    [
      2,
      50
    ]
  ],
  "threshold": 0.5,
  "auc_roc": 0.593482905982906,
  "auc_pr": 0.6852977708065092
}