{
  "accuracy": 0.6076923076923076,
  "balanced_accuracy": 0.5833333333333334,
  "precision_lie": 0.6626506024096386,
  "recall_lie": 0.7051282051282052,
  "f1_lie": 0.6832298136645962,
  "macro_f1": 0.5840391492565405,
  "confusion_matrix": [
    [
      24,
      28
    ],
    [
      23,
      55
    ]
  ],
  "threshold": 0.5,
  "auc_roc": 0.5959072978303748,
  "auc_pr": 0.6617270689917237
}