{
  "accuracy": 0.6434782608695652,
  "balanced_accuracy": 0.6476190476190475,
  "precision_lie": 0.7457627118644068,
  "recall_lie": 0.6285714285714286,
  "f1_lie": 0.6821705426356589,
  "macro_f1": 0.6381149742881265,
  "confusion_matrix": [
    [
      30,
      15
    ],
    [
      26,
      44
    ]
  ],
  "threshold": 0.5,
  "auc_roc": 0.648888888888889,
  "auc_pr": 0.763901355276373
}