{
  "accuracy": 0.6076923076923076,
  "balanced_accuracy": 0.5448717948717948,
  "precision_lie": 0.6261682242990654,
  "recall_lie": 0.8589743589743589,
  "f1_lie": 0.7243243243243244,
  "macro_f1": 0.5221621621621622,
  "confusion_matrix": [
    [
      12,
      40
    ],
    [
      11,
      67
    ]
  ],
  "threshold": 0.5,
  "auc_roc": 0.5759368836291914,
  "auc_pr": 0.7078806339783457
}