{
  "accuracy": 0.6477272727272727,
  "balanced_accuracy": 0.6506410256410255,
  "precision_lie": 0.7333333333333333,
  "recall_lie": 0.6346153846153846,
  "f1_lie": 0.6804123711340206,
  "macro_f1": 0.6440036539214407,
  "confusion_matrix": [
    [
      24,
      12
    ],
    [
      19,
      33
    ]
  ],
  "threshold": 0.6806080614527066,
  "auc_roc": 0.5902777777777778,
  "auc_pr": 0.663066543906212
}