{
  "accuracy": 0.5461538461538461,
  "balanced_accuracy": 0.5993589743589743,
  "precision_lie": 0.7878787878787878,
  "recall_lie": 0.3333333333333333,
  "f1_lie": 0.46846846846846846,
  "macro_f1": 0.5362476570530261,
  "confusion_matrix": [
    [
      45,
      7
    ],
    [
      52,
      26
    ]
  ],
  "threshold": 0.5673290317257245,
  "auc_roc": 0.5576923076923077,
  "auc_pr": 0.7023678907415565
}