{
  "accuracy": 0.6,
  "balanced_accuracy": 0.6476190476190476,
  "precision_lie": 0.8333333333333334,
  "recall_lie": 0.42857142857142855,
  "f1_lie": 0.5660377358490566,
  "macro_f1": 0.5975349969567864,
  "confusion_matrix": [
    [
      39,
      6
    ],
    [
      40,
      30
    ]
  ],
  "threshold": 0.5439099967479706,
  "auc_roc": 0.6304761904761905,
  "auc_pr": 0.7541067908404425
}