{
  "accuracy": 0.6434782608695652,
  "balanced_accuracy": 0.6793650793650794,
  "precision_lie": 0.8372093023255814,
  "recall_lie": 0.5142857142857142,
  "f1_lie": 0.6371681415929203,
  "macro_f1": 0.643370395582785,
  "confusion_matrix": [
    [
      38,
      7
    ],
    [
      34,
      36
    ]
  ],
  "threshold": 0.5300074766079585,
  "auc_roc": 0.653015873015873,
  "auc_pr": 0.75903198592836
}