{
  "accuracy": 0.5795454545454546,
  "balanced_accuracy": 0.5502136752136753,
  "precision_lie": 0.6271186440677966,
  "recall_lie": 0.7115384615384616,
  "f1_lie": 0.6666666666666666,
  "macro_f1": 0.5487179487179488,
  "confusion_matrix": [
    [
      14,
      22
    ],
    [
      15,
      37
    ]
  ],
  "threshold": 0.5,
  "auc_roc": 0.5988247863247863,
  "auc_pr": 0.6844513340715312
}