{
  "accuracy": 0.5681818181818182,
  "balanced_accuracy": 0.5961538461538461,
  "precision_lie": 0.71875,
  "recall_lie": 0.4423076923076923,
  "f1_lie": 0.5476190476190477,
  "macro_f1": 0.5672877846790891,
  "confusion_matrix": [
    [
      27,
      9
    ],
    [
      29,
      23
    ]
  ],
  "threshold": 0.547983815272649,
  "auc_roc": 0.593482905982906,
  "auc_pr": 0.6852977708065092
}