{
  "accuracy": 0.6363636363636364,
  "balanced_accuracy": 0.6538461538461539,
  "precision_lie": 0.7631578947368421,
  "recall_lie": 0.5576923076923077,
  "f1_lie": 0.6444444444444445,
  "macro_f1": 0.6361757105943153,
  "confusion_matrix": [
    [
      27,
      9
    ],
    [
      23,
      29
    ]
  ],
  "threshold": 0.6273470759391785,
  "auc_roc": 0.5988247863247863,
  "auc_pr": 0.6844513340715312
}