{
  "accuracy": 0.6615384615384615,
  "balanced_accuracy": 0.6121794871794871,
  "precision_lie": 0.67,
  "recall_lie": 0.8589743589743589,
  "f1_lie": 0.7528089887640449,
  "macro_f1": 0.6081118114551932,
  "confusion_matrix": [
    [
      19,
      33
    ],
    [
      11,
      67
    ]
  ],
  "threshold": 0.3006032906012565,
  "auc_roc": 0.5959072978303748,
  "auc_pr": 0.6617270689917237
}