{
  "tfidf_logistic_regression": {
    "val": {
      "accuracy": 0.625,
      "precision_lie": 0.6666666666666666,
      "recall_lie": 0.5,
      "f1_lie": 0.5714285714285714,
      "macro_f1": 0.6190476190476191,
      "confusion_matrix": [
        [
          9,
          3
        ],
        [
          6,
          6
        ]
      ],
      "auc_roc": 0.7013888888888888,
      "auc_pr": 0.7602392977392979,
      "eer": 0.33333333333333337
    },
    "test": {
      "accuracy": 0.5833333333333334,
      "precision_lie": 0.7142857142857143,
      "recall_lie": 0.38461538461538464,
      "f1_lie": 0.5,
      "macro_f1": 0.5714285714285714,
      "confusion_matrix": [
        [
          9,
          2
        ],
        [
          8,
          5
        ]
      ],
      "auc_roc": 0.6433566433566434,
      "auc_pr": 0.667012871055759,
      "eer": 0.458041958041958,
      "bootstrap_95ci": {
        "auc_roc": {
          "low": 0.3777777777777778,
          "high": 0.8671328671328671
        },
        "macro_f1": {
          "low": 0.34375,
          "high": 0.7722960151802657
        },
        "recall_lie": {
          "low": 0.11083333333333334,
          "high": 0.6666666666666666
        }
      }
    }
  },
  "tfidf_linear_svm": {
    "val": {
      "accuracy": 0.5833333333333334,
      "precision_lie": 1.0,
      "recall_lie": 0.16666666666666666,
      "f1_lie": 0.2857142857142857,
      "macro_f1": 0.4957983193277311,
      "confusion_matrix": [
        [
          12,
          0
        ],
        [
          10,
          2
        ]
      ],
      "auc_roc": 0.6944444444444444,
      "auc_pr": 0.7387628374041418,
      "eer": 0.41666666666666663
    },
    "test": {
      "accuracy": 0.4166666666666667,
      "precision_lie": 0.3333333333333333,
      "recall_lie": 0.07692307692307693,
      "f1_lie": 0.125,
      "macro_f1": 0.34375,
      "confusion_matrix": [
        [
          9,
          2
        ],
        [
          12,
          1
        ]
      ],
      "auc_roc": 0.6223776223776224,
      "auc_pr": 0.6269759848650267,
      "eer": 0.3356643356643357,
      "bootstrap_95ci": {
        "auc_roc": {
          "low": 0.3499912587412587,
          "high": 0.8601398601398602
        },
        "macro_f1": {
          "low": 0.19576719576719576,
          "high": 0.4965671899258236
        },
        "recall_lie": {
          "low": 0.0,
          "high": 0.26666666666666666
        }
      }
    }
  }
}