{
  "accuracy": 0.4166666666666667,
  "precision_lie": 0.3333333333333333,
  "recall_lie": 0.07692307692307693,
  "f1_lie": 0.125,
  "macro_f1": 0.34375,
  "confusion_matrix": [
    [
      9,
      2
    ],
    [
      12,
      1
    ]
  ],
  "auc_roc": 0.6223776223776224,
  "auc_pr": 0.6269759848650267,
  "eer": 0.3356643356643357,
  "bootstrap_95ci": {
    "auc_roc": {
      "low": 0.3499912587412587,
      "high": 0.8601398601398602
    },
    "macro_f1": {
      "low": 0.19576719576719576,
      "high": 0.4965671899258236
    },
    "recall_lie": {
      "low": 0.0,
      "high": 0.26666666666666666
    }
  }
}