{
  "accuracy": 0.5833333333333334,
  "precision_lie": 0.7142857142857143,
  "recall_lie": 0.38461538461538464,
  "f1_lie": 0.5,
  "macro_f1": 0.5714285714285714,
  "confusion_matrix": [
    [
      9,
      2
    ],
    [
      8,
      5
    ]
  ],
  "auc_roc": 0.6433566433566434,
  "auc_pr": 0.667012871055759,
  "eer": 0.458041958041958,
  "bootstrap_95ci": {
    "auc_roc": {
      "low": 0.3777777777777778,
      "high": 0.8671328671328671
    },
    "macro_f1": {
      "low": 0.34375,
      "high": 0.7722960151802657
    },
    "recall_lie": {
      "low": 0.11083333333333334,
      "high": 0.6666666666666666
    }
  }
}