{
  "accuracy": 0.5833333333333334,
  "precision_lie": 1.0,
  "recall_lie": 0.16666666666666666,
  "f1_lie": 0.2857142857142857,
  "macro_f1": 0.4957983193277311,
  "confusion_matrix": [
    [
      12,
      0
    ],
    [
      10,
      2
    ]
  ],
  "auc_roc": 0.6944444444444444,
  "auc_pr": 0.7387628374041418,
  "eer": 0.41666666666666663
}