{
  "accuracy": 0.625,
  "precision_lie": 0.6666666666666666,
  "recall_lie": 0.5,
  "f1_lie": 0.5714285714285714,
  "macro_f1": 0.6190476190476191,
  "confusion_matrix": [
    [
      9,
      3
    ],
    [
      6,
      6
    ]
  ],
  "auc_roc": 0.7013888888888888,
  "auc_pr": 0.7602392977392979,
  "eer": 0.33333333333333337
}