{
  "accuracy": 0.6022727272727273,
  "balanced_accuracy": 0.5138888888888888,
  "precision_lie": 0.5977011494252874,
  "recall_lie": 1.0,
  "f1_lie": 0.7482014388489209,
  "macro_f1": 0.40112774645148747,
  "confusion_matrix": [
    [
      1,
      35
    ],
    [
      0,
      52
    ]
  ],
  "auc_roc": 0.5373931623931624,
  "auc_pr": 0.6453926777181744
}