{
  "accuracy": 0.6363636363636364,
  "balanced_accuracy": 0.5598290598290598,
  "precision_lie": 0.6219512195121951,
  "recall_lie": 0.9807692307692307,
  "f1_lie": 0.7611940298507462,
  "macro_f1": 0.4996446339729922,
  "confusion_matrix": [
    [
      5,
      31
    ],
    [
      1,
      51
    ]
  ],
  "threshold": 0.5,
  "auc_roc": 0.6153846153846154,
  "auc_pr": 0.6696501531094836
}