{
  "accuracy": 0.5923076923076923,
  "balanced_accuracy": 0.5833333333333333,
  "precision_lie": 0.6712328767123288,
  "recall_lie": 0.6282051282051282,
  "f1_lie": 0.6490066225165563,
  "macro_f1": 0.5813840452032323,
  "confusion_matrix": [
    [
      28,
      24
    ],
    [
      29,
      49
    ]
  ],
  "threshold": 0.5113890767097473,
  "auc_roc": 0.5902366863905325,
  "auc_pr": 0.6973895502173849
}