{
  "accuracy": 0.5692307692307692,
  "balanced_accuracy": 0.5384615384615384,
  "precision_lie": 0.627906976744186,
  "recall_lie": 0.6923076923076923,
  "f1_lie": 0.6585365853658537,
  "macro_f1": 0.5376016260162602,
  "confusion_matrix": [
    [
      20,
      32
    ],
    [
      24,
      54
    ]
  ],
  "threshold": 0.5,
  "auc_roc": 0.5902366863905325,
  "auc_pr": 0.6973895502173849
}