{
  "accuracy": 0.5826086956521739,
  "balanced_accuracy": 0.6293650793650793,
  "precision_lie": 0.8055555555555556,
  "recall_lie": 0.4142857142857143,
  "f1_lie": 0.5471698113207547,
  "macro_f1": 0.5800365185636032,
  "confusion_matrix": [
    [
      38,
      7
    ],
    [
      41,
      29
    ]
  ],
  "threshold": 0.5355864841313589,
  "auc_roc": 0.646984126984127,
  "auc_pr": 0.749882402754587
}