{
  "accuracy": 0.5969827586206896,
  "balanced_accuracy": 0.5914733016494269,
  "precision_lie": 0.6035714285714285,
  "recall_lie": 0.689795918367347,
  "f1_lie": 0.6438095238095238,
  "macro_f1": 0.5898948363464492,
  "confusion_matrix": [
    [
      108,
      111
    ],
    [
      76,
      169
    ]
  ],
  "threshold": 0.5,
  "auc_roc": 0.6233156276209115,
  "auc_pr": 0.6535951132135992,
  "bootstrap_95ci": {
    "accuracy": {
      "low": 0.5538793103448276,
      "high": 0.6400862068965517
    },
    "f1_lie": {
      "low": 0.5968992248062015,
      "high": 0.6894318181818182
    },
    "auc_roc": {
      "low": 0.5766767020856319,
      "high": 0.6726690546938752
    }
  },
  "calibrated_threshold_metrics": {
    "accuracy": 0.5969827586206896,
    "balanced_accuracy": 0.5965613642717361,
    "precision_lie": 0.6218487394957983,
    "recall_lie": 0.6040816326530613,
    "f1_lie": 0.6128364389233955,
    "macro_f1": 0.5963058599111359,
    "confusion_matrix": [
      [
        129,
        90
      ],
      [
        97,
        148
      ]
    ],
    "threshold": 0.5113890767097473,
    "auc_roc": 0.6233156276209115,
    "auc_pr": 0.6535951132135992
  },
  "threshold_calibration": {
    "threshold": 0.5113890767097473,
    "metric": "balanced_accuracy",
    "metric_value": 0.5833333333333333
  },
  "val_metrics_default_threshold": {
    "accuracy": 0.5692307692307692,
    "balanced_accuracy": 0.5384615384615384,
    "precision_lie": 0.627906976744186,
    "recall_lie": 0.6923076923076923,
    "f1_lie": 0.6585365853658537,
    "macro_f1": 0.5376016260162602,
    "confusion_matrix": [
      [
        20,
        32
      ],
      [
        24,
        54
      ]
    ],
    "threshold": 0.5,
    "auc_roc": 0.5902366863905325,
    "auc_pr": 0.6973895502173849
  },
  "val_metrics_calibrated_threshold": {
    "accuracy": 0.5923076923076923,
    "balanced_accuracy": 0.5833333333333333,
    "precision_lie": 0.6712328767123288,
    "recall_lie": 0.6282051282051282,
    "f1_lie": 0.6490066225165563,
    "macro_f1": 0.5813840452032323,
    "confusion_matrix": [
      [
        28,
        24
      ],
      [
        29,
        49
      ]
    ],
    "threshold": 0.5113890767097473,
    "auc_roc": 0.5902366863905325,
    "auc_pr": 0.6973895502173849
  }
}