{
  "accuracy": 0.6363636363636364,
  "balanced_accuracy": 0.6282051282051282,
  "precision_lie": 0.7,
  "recall_lie": 0.6730769230769231,
  "f1_lie": 0.6862745098039216,
  "macro_f1": 0.6269210386857446,
  "confusion_matrix": [
    [
      21,
      15
    ],
    [
      17,
      35
    ]
  ],
  "threshold": 0.6054642729461193,
  "auc_roc": 0.6153846153846154,
  "auc_pr": 0.6696501531094836
}