{
  "accuracy": 0.6086956521739131,
  "balanced_accuracy": 0.5555555555555556,
  "precision_lie": 0.6436781609195402,
  "recall_lie": 0.8,
  "f1_lie": 0.7133757961783439,
  "macro_f1": 0.5484687200069802,
  "confusion_matrix": [
    [
      14,
      31
    ],
    [
      14,
      56
    ]
  ],
  "threshold": 0.5,
  "auc_roc": 0.646984126984127,
  "auc_pr": 0.749882402754587
}