setting,stat,accuracy,balanced_accuracy,precision_lie,recall_lie,f1_lie,macro_f1,auc_roc,auc_pr
default_threshold_0.5,mean,0.5889414426132841,0.5754875293024615,0.5813994232074826,0.8128103249112506,0.6745508139825782,0.549087563059246,0.6394114060735991,0.6560583360867085
default_threshold_0.5,std,0.01812981162113927,0.025288119366967433,0.022826155021631357,0.10931788997313613,0.0266593592170964,0.050642775864512254,0.03289320812304508,0.022679675194125608
calibrated_threshold,mean,0.5868638961185365,0.5918096384982594,0.6486638935506399,0.4977724726715712,0.5552759639716162,0.5813566263632631,0.6394114060735991,0.6560583360867085
calibrated_threshold,std,0.014503342446412267,0.015486338153418207,0.051491766239783986,0.1105619975130049,0.05770077878583871,0.013581399284115229,0.03289320812304508,0.022679675194125608
