{
  "accuracy": 0.6307692307692307,
  "balanced_accuracy": 0.6826923076923077,
  "precision_lie": 0.9166666666666666,
  "recall_lie": 0.4230769230769231,
  "f1_lie": 0.5789473684210527,
  "macro_f1": 0.6250901225666907,
  "confusion_matrix": [
    [
      49,
      3
    ],
    [
      45,
      33
    ]
  ],
  "threshold": 0.5379821926355361,
  "auc_roc": 0.6977317554240631,
  "auc_pr": 0.8031818495171112
}