{
  "accuracy": 0.6022727272727273,
  "balanced_accuracy": 0.5352564102564102,
  "precision_lie": 0.6103896103896104,
  "recall_lie": 0.9038461538461539,
  "f1_lie": 0.7286821705426356,
  "macro_f1": 0.4920006597394029,
  "confusion_matrix": [
    [
      6,
      30
    ],
    [
      5,
      47
    ]
  ],
  "threshold": 0.5,
  "auc_roc": 0.6383547008547008,
  "auc_pr": 0.7104049404829791
}