{
  "accuracy": 0.6477272727272727,
  "balanced_accuracy": 0.6121794871794872,
  "precision_lie": 0.6666666666666666,
  "recall_lie": 0.8076923076923077,
  "f1_lie": 0.7304347826086957,
  "macro_f1": 0.6111190306486101,
  "confusion_matrix": [
    [
      15,
      21
    ],
    [
      10,
      42
    ]
  ],
  "threshold": 0.4762731269001961,
  "auc_roc": 0.6030982905982906,
  "auc_pr": 0.6637069761994706
}