fold,baseline_auc,ablation_auc,delta_auc,baseline_calibrated_ba,ablation_calibrated_ba,delta_calibrated_ba,baseline_default_ba,ablation_default_ba,delta_default_ba,baseline_best_epoch,ablation_best_epoch
fold1,0.6176657124736453,0.5698932103738494,-0.04777250209979589,0.5745041910214437,0.5408731723204032,-0.03363101870104046,0.5463326419719228,0.5229349148939817,-0.023397727077941077,13,2
fold3,0.6233156276209115,0.6221228217314323,-0.0011928058894792315,0.5965613642717361,0.5953965147702917,-0.0011648495014444649,0.5914733016494269,0.5186469108191222,-0.07282639083030473,3,12
