{
  "accuracy": 0.6384615384615384,
  "balanced_accuracy": 0.5544871794871795,
  "precision_lie": 0.628099173553719,
  "recall_lie": 0.9743589743589743,
  "f1_lie": 0.7638190954773869,
  "macro_f1": 0.4966636460993492,
  "confusion_matrix": [
    [
      7,
      45
    ],
    [
      2,
      76
    ]
  ],
  "threshold": 0.5,
  "auc_roc": 0.6390532544378699,
  "auc_pr": 0.7486734197520961
}