{
  "accuracy": 0.5538461538461539,
  "balanced_accuracy": 0.6121794871794872,
  "precision_lie": 0.8333333333333334,
  "recall_lie": 0.32051282051282054,
  "f1_lie": 0.46296296296296297,
  "macro_f1": 0.540692007797271,
  "confusion_matrix": [
    [
      47,
      5
    ],
    [
      53,
      25
    ]
  ],
  "threshold": 0.5319255888462067,
  "auc_roc": 0.6390532544378699,
  "auc_pr": 0.7486734197520961
}