{
  "accuracy": 0.5113636363636364,
  "balanced_accuracy": 0.5523504273504274,
  "precision_lie": 0.68,
  "recall_lie": 0.3269230769230769,
  "f1_lie": 0.44155844155844154,
  "macro_f1": 0.5036075036075036,
  "confusion_matrix": [
    [
      28,
      8
    ],
    [
      35,
      17
    ]
  ],
  "threshold": 0.5,
  "auc_roc": 0.6030982905982906,
  "auc_pr": 0.6637069761994706
}