fold,model,best_epoch,best_val_auc,default_auc,default_ba,default_macro_f1,calibrated_threshold,calibrated_ba,calibrated_macro_f1,calibrated_f1_lie,calibrated_confusion
fold1,gated_prior_kl,13,0.6153846153846154,0.6176657124736453,0.5463326419719228,0.49241044323011535,0.6054642729461193,0.5745041910214437,0.5697777777777777,0.5555555555555556,"[[146, 81], [127, 130]]"
fold1,temp_aux_ablation,2,0.6030982905982906,0.5698932103738494,0.5229349148939817,0.47665259624215606,0.4762731269001961,0.5408731723204032,0.5401464897733554,0.5895522388059702,"[[106, 121], [99, 158]]"
fold3,gated_prior_kl,3,0.5902366863905325,0.6233156276209115,0.5914733016494269,0.5898948363464492,0.5113890767097473,0.5965613642717361,0.5963058599111359,0.6128364389233955,"[[129, 90], [97, 148]]"
fold3,temp_aux_ablation,12,0.6390532544378699,0.6221228217314323,0.5186469108191222,0.41669829222011384,0.5319255888462067,0.5953965147702917,0.5403897469070915,0.40963855421686746,"[[200, 19], [177, 68]]"
