{
  "accuracy": 0.6230769230769231,
  "balanced_accuracy": 0.6442307692307692,
  "precision_lie": 0.7636363636363637,
  "recall_lie": 0.5384615384615384,
  "f1_lie": 0.631578947368421,
  "macro_f1": 0.6228760878574389,
  "confusion_matrix": [
    [
      39,
      13
    ],
    [
      36,
      42
    ]
  ],
  "threshold": 0.5,
  "auc_roc": 0.6385601577909271,
  "auc_pr": 0.7180679669878394
}