{
  "accuracy": 0.591304347826087,
  "balanced_accuracy": 0.5809523809523809,
  "precision_lie": 0.676923076923077,
  "recall_lie": 0.6285714285714286,
  "f1_lie": 0.6518518518518519,
  "macro_f1": 0.5785575048732944,
  "confusion_matrix": [
    [
      24,
      21
    ],
    [
      26,
      44
    ]
  ],
  "threshold": 0.5,
  "auc_roc": 0.6441269841269843,
  "auc_pr": 0.7633048604238537
}