{
  "accuracy": 0.6307692307692307,
  "balanced_accuracy": 0.6474358974358974,
  "precision_lie": 0.7586206896551724,
  "recall_lie": 0.5641025641025641,
  "f1_lie": 0.6470588235294118,
  "macro_f1": 0.6299810246679317,
  "confusion_matrix": [
    [
      38,
      14
    ],
    [
      34,
      44
    ]
  ],
  "threshold": 0.49876815676689146,
  "auc_roc": 0.6385601577909271,
  "auc_pr": 0.7180679669878394
}