{
  "accuracy": 0.6363636363636364,
  "balanced_accuracy": 0.6196581196581197,
  "precision_lie": 0.6851851851851852,
  "recall_lie": 0.7115384615384616,
  "f1_lie": 0.6981132075471698,
  "macro_f1": 0.6204851752021563,
  "confusion_matrix": [
    [
      19,
      17
    ],
    [
      15,
      37
    ]
  ],
  "threshold": 0.516522823061262,
  "auc_roc": 0.5993589743589743,
  "auc_pr": 0.674151129660378
}