{
  "accuracy": 0.6477272727272727,
  "balanced_accuracy": 0.6079059829059829,
  "precision_lie": 0.6615384615384615,
  "recall_lie": 0.8269230769230769,
  "f1_lie": 0.7350427350427351,
  "macro_f1": 0.6048095031145879,
  "confusion_matrix": [
    [
      14,
      22
    ],
    [
      9,
      43
    ]
  ],
  "threshold": 0.5,
  "auc_roc": 0.5993589743589743,
  "auc_pr": 0.674151129660378
}