{
  "accuracy": 0.6260869565217392,
  "balanced_accuracy": 0.673015873015873,
  "precision_lie": 0.8648648648648649,
  "recall_lie": 0.45714285714285713,
  "f1_lie": 0.5981308411214953,
  "macro_f1": 0.624268672593268,
  "confusion_matrix": [
    [
      40,
      5
    ],
    [
      38,
      32
    ]
  ],
  "threshold": 0.525233119726181,
  "auc_roc": 0.6441269841269843,
  "auc_pr": 0.7633048604238537
}