{
  "accuracy": 0.6136363636363636,
  "balanced_accuracy": 0.6431623931623932,
  "precision_lie": 0.78125,
  "recall_lie": 0.4807692307692308,
  "f1_lie": 0.5952380952380952,
  "macro_f1": 0.6128364389233955,
  "confusion_matrix": [
    [
      29,
      7
    ],
    [
      27,
      25
    ]
  ],
  "threshold": 0.6496869966387748,
  "auc_roc": 0.6009615384615384,
  "auc_pr": 0.6657775421240181
}