{
  "accuracy": 0.5923076923076923,
  "balanced_accuracy": 0.5961538461538461,
  "precision_lie": 0.6923076923076923,
  "recall_lie": 0.5769230769230769,
  "f1_lie": 0.6293706293706294,
  "macro_f1": 0.5881895881895882,
  "confusion_matrix": [
    [
      32,
      20
    ],
    [
      33,
      45
    ]
  ],
  "threshold": 0.4889183225110173,
  "auc_roc": 0.6037968441814596,
  "auc_pr": 0.6723392563035774
}