{
  "accuracy": 0.5846153846153846,
  "balanced_accuracy": 0.592948717948718,
  "precision_lie": 0.6935483870967742,
  "recall_lie": 0.5512820512820513,
  "f1_lie": 0.6142857142857143,
  "macro_f1": 0.5821428571428572,
  "confusion_matrix": [
    [
      33,
      19
    ],
    [
      35,
      43
    ]
  ],
  "threshold": 0.5,
  "auc_roc": 0.6037968441814596,
  "auc_pr": 0.6723392563035774
}