{
  "accuracy": 0.6260869565217392,
  "balanced_accuracy": 0.6333333333333333,
  "precision_lie": 0.7368421052631579,
  "recall_lie": 0.6,
  "f1_lie": 0.6614173228346457,
  "macro_f1": 0.6219707973396529,
  "confusion_matrix": [
    [
      30,
      15
    ],
    [
      28,
      42
    ]
  ],
  "threshold": 0.5175580382347107,
  "auc_roc": 0.6384126984126985,
  "auc_pr": 0.7599362707928421
}