{
  "accuracy": 0.6136363636363636,
  "balanced_accuracy": 0.6047008547008548,
  "precision_lie": 0.68,
  "recall_lie": 0.6538461538461539,
  "f1_lie": 0.6666666666666666,
  "macro_f1": 0.6036036036036037,
  "confusion_matrix": [
    [
      20,
      16
    ],
    [
      18,
      34
    ]
  ],
  "threshold": 0.5,
  "auc_roc": 0.6009615384615384,
  "auc_pr": 0.6657775421240181
}