{
  "accuracy": 0.5739130434782609,
  "balanced_accuracy": 0.5111111111111111,
  "precision_lie": 0.6153846153846154,
  "recall_lie": 0.8,
  "f1_lie": 0.6956521739130435,
  "macro_f1": 0.49275362318840576,
  "confusion_matrix": [
    [
      10,
      35
    ],
    [
      14,
      56
    ]
  ],
  "threshold": 0.5,
  "auc_roc": 0.6384126984126985,
  "auc_pr": 0.7599362707928421
}