suspect_contamination,window_n,window_default_error_rate,window_calibrated_error_rate,window_mean_score_lie,window0_n,window0_default_error_rate,window0_calibrated_error_rate,window0_mean_score_lie
False,2921.0,0.40534063676823007,0.40362889421431014,0.496556487787631,,,,
True,4214.0,0.4411485524442335,0.4527764594209777,0.492976653007291,,,,
False,,,,,434.0,0.41013824884792627,0.4078341013824885,0.49830827573614733
True,,,,,996.0,0.41967871485943775,0.4327309236947791,0.4932674079175934
