{
  "accuracy": 0.5538461538461539,
  "balanced_accuracy": 0.592948717948718,
  "precision_lie": 0.7380952380952381,
  "recall_lie": 0.3974358974358974,
  "f1_lie": 0.5166666666666667,
  "macro_f1": 0.5511904761904762,
  "confusion_matrix": [
    [
      41,
      11
    ],
    [
      47,
      31
    ]
  ],
  "threshold": 0.7488941331704457,
  "auc_roc": 0.5755670611439843,
  "auc_pr": 0.6956831693896668
}