{
  "accuracy": 0.6086956521739131,
  "balanced_accuracy": 0.5753968253968254,
  "precision_lie": 0.6623376623376623,
  "recall_lie": 0.7285714285714285,
  "f1_lie": 0.6938775510204082,
  "macro_f1": 0.5758544381608065,
  "confusion_matrix": [
    [
      19,
      26
    ],
    [
      19,
      51
    ]
  ],
  "threshold": 0.5,
  "auc_roc": 0.6387301587301588,
  "auc_pr": 0.7339373927904108
}