{
  "accuracy": 0.5454545454545454,
  "balanced_accuracy": 0.48717948717948717,
  "precision_lie": 0.5833333333333334,
  "recall_lie": 0.8076923076923077,
  "f1_lie": 0.6774193548387096,
  "macro_f1": 0.4540942928039702,
  "confusion_matrix": [
    [
      6,
      30
    ],
    [
      10,
      42
    ]
  ],
  "threshold": 0.5,
  "auc_roc": 0.5833333333333334,
  "auc_pr": 0.6680127461484556
}