{
  "accuracy": 0.6,
  "balanced_accuracy": 0.5288461538461539,
  "precision_lie": 0.6160714285714286,
  "recall_lie": 0.8846153846153846,
  "f1_lie": 0.7263157894736842,
  "macro_f1": 0.4917293233082707,
  "confusion_matrix": [
    [
      9,
      43
    ],
    [
      9,
      69
    ]
  ],
  "threshold": 0.5,
  "auc_roc": 0.5755670611439843,
  "auc_pr": 0.6956831693896668
}