{
  "accuracy": 0.6434782608695652,
  "balanced_accuracy": 0.6634920634920635,
  "precision_lie": 0.7843137254901961,
  "recall_lie": 0.5714285714285714,
  "f1_lie": 0.6611570247933884,
  "macro_f1": 0.6425051179012814,
  "confusion_matrix": [
    [
      34,
      11
    ],
    [
      30,
      40
    ]
  ],
  "threshold": 0.5984081791506873,
  "auc_roc": 0.6387301587301588,
  "auc_pr": 0.7339373927904108
}