{
  "accuracy": 0.6086956521739131,
  "balanced_accuracy": 0.6507936507936508,
  "precision_lie": 0.8205128205128205,
  "recall_lie": 0.45714285714285713,
  "f1_lie": 0.5871559633027523,
  "macro_f1": 0.6076275684282357,
  "confusion_matrix": [
    [
      38,
      7
    ],
    [
      38,
      32
    ]
  ],
  "threshold": 0.5170360393822193,
  "auc_roc": 0.6465079365079365,
  "auc_pr": 0.7582659923545583
}