{
  "accuracy": 0.43846153846153846,
  "balanced_accuracy": 0.5288461538461539,
  "precision_lie": 0.8571428571428571,
  "recall_lie": 0.07692307692307693,
  "f1_lie": 0.1411764705882353,
  "macro_f1": 0.3620168067226891,
  "confusion_matrix": [
    [
      51,
      1
    ],
    [
      72,
      6
    ]
  ],
  "threshold": 0.5,
  "auc_roc": 0.5675542406311637,
  "auc_pr": 0.6870636561752533
}