{
  "accuracy": 0.5538461538461539,
  "balanced_accuracy": 0.5865384615384616,
  "precision_lie": 0.717391304347826,
  "recall_lie": 0.4230769230769231,
  "f1_lie": 0.532258064516129,
  "macro_f1": 0.5528937381404174,
  "confusion_matrix": [
    [
      39,
      13
    ],
    [
      45,
      33
    ]
  ],
  "threshold": 0.4492893576622009,
  "auc_roc": 0.5675542406311637,
  "auc_pr": 0.6870636561752533
}