{
  "accuracy": 0.625,
  "balanced_accuracy": 0.563034188034188,
  "precision_lie": 0.6266666666666667,
  "recall_lie": 0.9038461538461539,
  "f1_lie": 0.7401574803149606,
  "macro_f1": 0.5333440462799293,
  "confusion_matrix": [
    [
      8,
      28
    ],
    [
      5,
      47
    ]
  ],
  "threshold": 0.5,
  "auc_roc": 0.6682692307692307,
  "auc_pr": 0.6986651299316868
}