{
  "fold": "fold2",
  "seed": 42,
  "best_epoch": 7,
  "best_val_metric_name": "auc_roc",
  "best_val_metric": 0.6465079365079365,
  "best_val_f1_lie": 0.7567567567567568,
  "best_val_auc_roc": 0.6465079365079365,
  "best_val_balanced_accuracy": 0.5,
  "checkpoint": "outputs/checkpoints/retrain_dolos_three_stream_auc/fold2_seed42_best.pt",
  "loss_name": "ce",
  "label_imbalance": 0.03846153989434242,
  "threshold_calibration": {
    "threshold": 0.5170360393822193,
    "metric": "balanced_accuracy",
    "metric_value": 0.6507936507936508
  },
  "test_metrics_calibrated_threshold": {
    "accuracy": 0.5767634854771784,
    "balanced_accuracy": 0.5846177744791756,
    "precision_lie": 0.6467065868263473,
    "recall_lie": 0.4268774703557312,
    "f1_lie": 0.5142857142857142,
    "macro_f1": 0.5696428571428571,
    "confusion_matrix": [
      [
        170,
        59
      ],
      [
        145,
        108
      ]
    ],
    "threshold": 0.5170360393822193,
    "auc_roc": 0.603854186443896,
    "auc_pr": 0.6168783010499737
  },
  "test_metrics": {
    "accuracy": 0.524896265560166,
    "balanced_accuracy": 0.5,
    "precision_lie": 0.524896265560166,
    "recall_lie": 1.0,
    "f1_lie": 0.6884353741496598,
    "macro_f1": 0.3442176870748299,
    "confusion_matrix": [
      [
        0,
        229
      ],
      [
        0,
        253
      ]
    ],
    "threshold": 0.5,
    "auc_roc": 0.603854186443896,
    "auc_pr": 0.6168783010499737,
    "bootstrap_95ci": {
      "accuracy": {
        "low": 0.48132780082987553,
        "high": 0.5705394190871369
      },
      "f1_lie": {
        "low": 0.6498599439775911,
        "high": 0.726552179656539
      },
      "auc_roc": {
        "low": 0.5505647663206973,
        "high": 0.6565336216884434
      }
    },
    "calibrated_threshold_metrics": {
      "accuracy": 0.5767634854771784,
      "balanced_accuracy": 0.5846177744791756,
      "precision_lie": 0.6467065868263473,
      "recall_lie": 0.4268774703557312,
      "f1_lie": 0.5142857142857142,
      "macro_f1": 0.5696428571428571,
      "confusion_matrix": [
        [
          170,
          59
        ],
        [
          145,
          108
        ]
      ],
      "threshold": 0.5170360393822193,
      "auc_roc": 0.603854186443896,
      "auc_pr": 0.6168783010499737
    },
    "threshold_calibration": {
      "threshold": 0.5170360393822193,
      "metric": "balanced_accuracy",
      "metric_value": 0.6507936507936508
    },
    "val_metrics_default_threshold": {
      "accuracy": 0.6086956521739131,
      "balanced_accuracy": 0.5,
      "precision_lie": 0.6086956521739131,
      "recall_lie": 1.0,
      "f1_lie": 0.7567567567567568,
      "macro_f1": 0.3783783783783784,
      "confusion_matrix": [
        [
          0,
          45
        ],
        [
          0,
          70
        ]
      ],
      "threshold": 0.5,
      "auc_roc": 0.6465079365079365,
      "auc_pr": 0.7582659923545583
    },
    "val_metrics_calibrated_threshold": {
      "accuracy": 0.6086956521739131,
      "balanced_accuracy": 0.6507936507936508,
      "precision_lie": 0.8205128205128205,
      "recall_lie": 0.45714285714285713,
      "f1_lie": 0.5871559633027523,
      "macro_f1": 0.6076275684282357,
      "confusion_matrix": [
        [
          38,
          7
        ],
        [
          38,
          32
        ]
      ],
      "threshold": 0.5170360393822193,
      "auc_roc": 0.6465079365079365,
      "auc_pr": 0.7582659923545583
    }
  }
}