{
  "accuracy": 0.6931818181818182,
  "balanced_accuracy": 0.6762820512820513,
  "precision_lie": 0.7272727272727273,
  "recall_lie": 0.7692307692307693,
  "f1_lie": 0.7476635514018691,
  "macro_f1": 0.6781796017878912,
  "confusion_matrix": [
    [
      21,
      15
    ],
    [
      12,
      40
    ]
  ],
  "threshold": 0.5554934815754966,
  "auc_roc": 0.6682692307692307,
  "auc_pr": 0.6986651299316868
}