{
  "accuracy": 0.5681818181818182,
  "balanced_accuracy": 0.5149572649572649,
  "precision_lie": 0.6,
  "recall_lie": 0.8076923076923077,
  "f1_lie": 0.6885245901639344,
  "macro_f1": 0.49241044323011535,
  "confusion_matrix": [
    [
      8,
      28
    ],
    [
      10,
      42
    ]
  ],
  "threshold": 0.5,
  "auc_roc": 0.5865384615384615,
  "auc_pr": 0.6731991987471216
}