{
  "accuracy": 0.5384615384615384,
  "balanced_accuracy": 0.6025641025641026,
  "precision_lie": 0.8461538461538461,
  "recall_lie": 0.28205128205128205,
  "f1_lie": 0.4230769230769231,
  "macro_f1": 0.5192307692307693,
  "confusion_matrix": [
    [
      48,
      4
    ],
    [
      56,
      22
    ]
  ],
  "threshold": 0.529942087829113,
  "auc_roc": 0.5840729783037475,
  "auc_pr": 0.7003115261848893
}