{
  "accuracy": 0.591304347826087,
  "balanced_accuracy": 0.569047619047619,
  "precision_lie": 0.6619718309859155,
  "recall_lie": 0.6714285714285714,
  "f1_lie": 0.6666666666666666,
  "macro_f1": 0.5692883895131086,
  "confusion_matrix": [
    [
      21,
      24
    ],
    [
      23,
      47
    ]
  ],
  "threshold": 0.5,
  "auc_roc": 0.6434920634920637,
  "auc_pr": 0.750461157854958
}