{
  "accuracy": 0.5846153846153846,
  "balanced_accuracy": 0.548076923076923,
  "precision_lie": 0.6333333333333333,
  "recall_lie": 0.7307692307692307,
  "f1_lie": 0.6785714285714286,
  "macro_f1": 0.5458074534161491,
  "confusion_matrix": [
    [
      19,
      33
    ],
    [
      21,
      57
    ]
  ],
  "threshold": 0.5,
  "auc_roc": 0.5840729783037475,
  "auc_pr": 0.7003115261848893
}