{
  "accuracy": 0.6434782608695652,
  "balanced_accuracy": 0.6674603174603175,
  "precision_lie": 0.7959183673469388,
  "recall_lie": 0.5571428571428572,
  "f1_lie": 0.6554621848739496,
  "macro_f1": 0.6430464077522902,
  "confusion_matrix": [
    [
      35,
      10
    ],
    [
      31,
      39
    ]
  ],
  "threshold": 0.6087231760223706,
  "auc_roc": 0.6434920634920637,
  "auc_pr": 0.750461157854958
}