{
  "accuracy": 0.6136363636363636,
  "balanced_accuracy": 0.6260683760683761,
  "precision_lie": 0.725,
  "recall_lie": 0.5576923076923077,
  "f1_lie": 0.6304347826086957,
  "macro_f1": 0.6128364389233955,
  "confusion_matrix": [
    [
      25,
      11
    ],
    [
      23,
      29
    ]
  ],
  "threshold": 0.7085453286767006,
  "auc_roc": 0.5865384615384615,
  "auc_pr": 0.6731991987471216
}