{
  "accuracy": 0.5923076923076923,
  "balanced_accuracy": 0.5897435897435896,
  "precision_lie": 0.6811594202898551,
  "recall_lie": 0.6025641025641025,
  "f1_lie": 0.6394557823129252,
  "macro_f1": 0.5852146168201795,
  "confusion_matrix": [
    [
      30,
      22
    ],
    [
      31,
      47
    ]
  ],
  "threshold": 0.47372308870156604,
  "auc_roc": 0.5872781065088758,
  "auc_pr": 0.66780666976241
}