{
  "accuracy": 0.6363636363636364,
  "balanced_accuracy": 0.6367521367521367,
  "precision_lie": 0.717391304347826,
  "recall_lie": 0.6346153846153846,
  "f1_lie": 0.673469387755102,
  "macro_f1": 0.6316064887493459,
  "confusion_matrix": [
    [
      23,
      13
    ],
    [
      19,
      33
    ]
  ],
  "threshold": 0.6231896926959355,
  "auc_roc": 0.5918803418803419,
  "auc_pr": 0.694070544618514
}