{
  "accuracy": 0.5568181818181818,
  "balanced_accuracy": 0.5053418803418803,
  "precision_lie": 0.5942028985507246,
  "recall_lie": 0.7884615384615384,
  "f1_lie": 0.6776859504132231,
  "macro_f1": 0.484297520661157,
  "confusion_matrix": [
    [
      8,
      28
    ],
    [
      11,
      41
    ]
  ],
  "threshold": 0.5,
  "auc_roc": 0.5918803418803419,
  "auc_pr": 0.694070544618514
}