{
  "accuracy": 0.591304347826087,
  "balanced_accuracy": 0.6365079365079365,
  "precision_lie": 0.8108108108108109,
  "recall_lie": 0.42857142857142855,
  "f1_lie": 0.5607476635514018,
  "macro_f1": 0.5893169212065952,
  "confusion_matrix": [
    [
      38,
      7
    ],
    [
      40,
      30
    ]
  ],
  "threshold": 0.5,
  "auc_roc": 0.6441269841269841,
  "auc_pr": 0.7604051705324462
}