{
  "accuracy": 0.4153846153846154,
  "balanced_accuracy": 0.5096153846153846,
  "precision_lie": 0.75,
  "recall_lie": 0.038461538461538464,
  "f1_lie": 0.07317073170731707,
  "macro_f1": 0.32310221978624276,
  "confusion_matrix": [
    [
      51,
      1
    ],
    [
      75,
      3
    ]
  ],
  "threshold": 0.5,
  "auc_roc": 0.5872781065088758,
  "auc_pr": 0.66780666976241
}