{
  "accuracy": 0.5795454545454546,
  "balanced_accuracy": 0.5544871794871795,
  "precision_lie": 0.631578947368421,
  "recall_lie": 0.6923076923076923,
  "f1_lie": 0.6605504587155964,
  "macro_f1": 0.5541558263727235,
  "confusion_matrix": [
    [
      15,
      21
    ],
    [
      16,
      36
    ]
  ],
  "threshold": 0.5,
  "auc_roc": 0.5731837606837606,
  "auc_pr": 0.6273072713844194
}