{
  "accuracy": 0.6230769230769231,
  "balanced_accuracy": 0.6217948717948718,
  "precision_lie": 0.7101449275362319,
  "recall_lie": 0.6282051282051282,
  "f1_lie": 0.6666666666666666,
  "macro_f1": 0.6165191740412979,
  "confusion_matrix": [
    [
      32,
      20
    ],
    [
      29,
      49
    ]
  ],
  "threshold": 0.4039102757970492,
  "auc_roc": 0.6079881656804733,
  "auc_pr": 0.6908009396482999
}