{
  "accuracy": 0.6590909090909091,
  "balanced_accuracy": 0.5918803418803419,
  "precision_lie": 0.6410256410256411,
  "recall_lie": 0.9615384615384616,
  "f1_lie": 0.7692307692307693,
  "macro_f1": 0.5585284280936456,
  "confusion_matrix": [
    [
      8,
      28
    ],
    [
      2,
      50
    ]
  ],
  "threshold": 0.23409265998218742,
  "auc_roc": 0.5731837606837606,
  "auc_pr": 0.6273072713844194
}