{
  "accuracy": 0.6869565217391305,
  "balanced_accuracy": 0.6277777777777778,
  "precision_lie": 0.6847826086956522,
  "recall_lie": 0.9,
  "f1_lie": 0.7777777777777778,
  "macro_f1": 0.6241830065359477,
  "confusion_matrix": [
    [
      16,
      29
    ],
    [
      7,
      63
    ]
  ],
  "threshold": 0.32464608632855946,
  "auc_roc": 0.6396825396825396,
  "auc_pr": 0.7318923953162273
}