{
  "accuracy": 0.5769230769230769,
  "balanced_accuracy": 0.5961538461538461,
  "precision_lie": 0.7090909090909091,
  "recall_lie": 0.5,
  "f1_lie": 0.5864661654135338,
  "macro_f1": 0.5766976496359008,
  "confusion_matrix": [
    [
      36,
      16
    ],
    [
      39,
      39
    ]
  ],
  "threshold": 0.5,
  "auc_roc": 0.6079881656804733,
  "auc_pr": 0.6908009396482999
}