{
  "accuracy": 0.6521739130434783,
  "balanced_accuracy": 0.6111111111111112,
  "precision_lie": 0.6829268292682927,
  "recall_lie": 0.8,
  "f1_lie": 0.7368421052631579,
  "macro_f1": 0.6120107962213225,
  "confusion_matrix": [
    [
      19,
      26
    ],
    [
      14,
      56
    ]
  ],
  "threshold": 0.5,
  "auc_roc": 0.6396825396825396,
  "auc_pr": 0.7318923953162273
}