fold,method,w_cross_attention_auc,w_gated_prior_kl,w_audio_only,w_spatial_only,val_auc_roc,val_balanced_accuracy,test_auc_roc,test_balanced_accuracy,test_f1_lie,test_macro_f1
mean,cross_attention_auc,1.0,0.0,0.0,0.0,0.6104013650167497,0.623901098901099,0.6138670969197532,0.5635006105125975,0.4830161176840897,0.5426158171404217
mean,gated_prior_kl,0.0,1.0,0.0,0.0,0.6175351429197583,0.6136345136345136,0.6394114060735991,0.5918096384982593,0.5552759639716162,0.5813566263632631
mean,audio_only,0.0,0.0,1.0,0.0,0.6743039510347203,0.6727716727716727,0.5803266687789416,0.5603615762260109,0.5309175197423799,0.552218217913496
mean,spatial_only,0.0,0.0,0.0,1.0,0.6047011677780908,0.6320309320309321,0.6312361540840334,0.5876075187668413,0.4819467507291651,0.557959192404093
mean,ensemble_raw_balanced_accuracy,0.18000000000000002,0.04,0.7533333333333333,0.02666666666666667,0.6955249522557215,0.7187220187220188,0.6284681644093273,0.5798704462517451,0.5288558927914145,0.5685327482631467
mean,ensemble_raw_auc_roc,0.19999999999999998,0.006666666666666667,0.7400000000000001,0.05333333333333334,0.7010930309007232,0.7031644281644281,0.626420690313033,0.5763241278821922,0.49573401152348523,0.5572010538055449
mean,ensemble_logit_balanced_accuracy,0.22,0.04666666666666667,0.7266666666666667,0.006666666666666667,0.6952410694718387,0.7187220187220188,0.6268449264550014,0.5798704462517451,0.5288558927914145,0.5685327482631467
mean,ensemble_logit_auc_roc,0.16666666666666666,0.0,0.7799999999999999,0.05333333333333334,0.701541279233587,0.6963980463980463,0.6260398655584329,0.5720416867479025,0.4861766342578983,0.5518122461251324
