{
  "accuracy": 0.5307692307692308,
  "balanced_accuracy": 0.592948717948718,
  "precision_lie": 0.8148148148148148,
  "recall_lie": 0.28205128205128205,
  "f1_lie": 0.41904761904761906,
  "macro_f1": 0.5127496159754225,
  "confusion_matrix": [
    [
      47,
      5
    ],
    [
      56,
      22
    ]
  ],
  "threshold": 0.5218923389911652,
  "auc_roc": 0.5670611439842209,
  "auc_pr": 0.7058767066421789
}