{
  "accuracy": 0.6,
  "balanced_accuracy": 0.5128205128205128,
  "precision_lie": 0.6065573770491803,
  "recall_lie": 0.9487179487179487,
  "f1_lie": 0.74,
  "macro_f1": 0.43666666666666665,
  "confusion_matrix": [
    [
      4,
      48
    ],
    [
      4,
      74
    ]
  ],
  "threshold": 0.5,
  "auc_roc": 0.5670611439842209,
  "auc_pr": 0.7058767066421789
}