{
  "accuracy": 0.6173913043478261,
  "balanced_accuracy": 0.5825396825396826,
  "precision_lie": 0.6666666666666666,
  "recall_lie": 0.7428571428571429,
  "f1_lie": 0.7027027027027027,
  "macro_f1": 0.5830586684245221,
  "confusion_matrix": [
    [
      19,
      26
    ],
    [
      18,
      52
    ]
  ],
  "threshold": 0.5,
  "auc_roc": 0.6384126984126984,
  "auc_pr": 0.7614886621593966
}