{
  "accuracy": 0.6363636363636364,
  "balanced_accuracy": 0.6239316239316239,
  "precision_lie": 0.6923076923076923,
  "recall_lie": 0.6923076923076923,
  "f1_lie": 0.6923076923076923,
  "macro_f1": 0.6239316239316239,
  "confusion_matrix": [
    [
      20,
      16
    ],
    [
      16,
      36
    ]
  ],
  "threshold": 0.6399613661425454,
  "auc_roc": 0.5940170940170941,
  "auc_pr": 0.6637971560419358
}