{
  "accuracy": 0.6022727272727273,
  "balanced_accuracy": 0.5395299145299145,
  "precision_lie": 0.6133333333333333,
  "recall_lie": 0.8846153846153846,
  "f1_lie": 0.7244094488188977,
  "macro_f1": 0.5050618672665916,
  "confusion_matrix": [
    [
      7,
      29
    ],
    [
      6,
      46
    ]
  ],
  "threshold": 0.5,
  "auc_roc": 0.5940170940170941,
  "auc_pr": 0.6637971560419358
}