{
  "accuracy": 0.6173913043478261,
  "balanced_accuracy": 0.6261904761904762,
  "precision_lie": 0.7321428571428571,
  "recall_lie": 0.5857142857142857,
  "f1_lie": 0.6507936507936508,
  "macro_f1": 0.6138583638583639,
  "confusion_matrix": [
    [
      30,
      15
    ],
    [
      29,
      41
    ]
  ],
  "threshold": 0.5131946131587029,
  "auc_roc": 0.6384126984126984,
  "auc_pr": 0.7614886621593966
}