fold,method,w_cross_attention_auc,w_gated_prior_kl,w_audio_only,val_auc_roc,val_balanced_accuracy,test_auc_roc,test_balanced_accuracy,test_f1_lie,test_macro_f1
mean,cross_attention_auc,1.0,0.0,0.0,0.6104013650167497,0.623901098901099,0.6138670969197532,0.5635006105125975,0.4830161176840897,0.5426158171404217
mean,gated_prior_kl,0.0,1.0,0.0,0.6175351429197583,0.6136345136345136,0.6394114060735991,0.5918096384982593,0.5552759639716162,0.5813566263632631
mean,audio_only,0.0,0.0,1.0,0.6743039510347203,0.6727716727716727,0.5803266687789416,0.5603615762260109,0.5309175197423799,0.552218217913496
mean,ensemble_raw_balanced_accuracy,0.28,0.03666666666666667,0.6833333333333335,0.6913062364985442,0.714092389092389,0.6273139009370493,0.5785786734994934,0.5260966789056677,0.5668760159301899
mean,ensemble_raw_auc_roc,0.16666666666666666,0.0,0.8333333333333334,0.6988193074731536,0.6917684167684168,0.6177226306785562,0.5820688875508307,0.5302190133491722,0.569600181262161
mean,ensemble_logit_balanced_accuracy,0.22666666666666668,0.043333333333333335,0.73,0.6951588866973482,0.7176536426536426,0.62621746085689,0.5768263062213038,0.5273061246512574,0.5657950872540244
mean,ensemble_logit_auc_roc,0.16,0.0,0.84,0.698747064900911,0.6917684167684168,0.6176083560652329,0.5797805384190321,0.5295347346522344,0.5674663285878242
