fold,method,w_cross_attention_auc,w_gated_prior_kl,val_auc_roc,val_balanced_accuracy,test_auc_roc,test_balanced_accuracy,test_f1_lie,test_macro_f1
mean,cross_attention_auc,1.0,0.0,0.5961269215115369,0.6087708587708588,0.6059034476700981,0.5670284283549615,0.4805800533255676,0.5302200343498008
mean,gated_prior_kl,0.0,1.0,0.6273487054256286,0.6467032967032966,0.6141764236861088,0.5750627021900478,0.5650424069309345,0.5708459195414735
mean,ensemble_raw_balanced_accuracy,0.15666666666666665,0.8433333333333334,0.6289360070129302,0.6629426129426129,0.6196886578124254,0.5792041103319956,0.570474372664418,0.576098868614378
mean,ensemble_raw_auc_roc,0.4033333333333333,0.5966666666666667,0.637985347985348,0.6401098901098901,0.6130333694597713,0.5720908050131418,0.5896420028463284,0.5708227774249403
mean,ensemble_logit_balanced_accuracy,0.15666666666666665,0.8433333333333334,0.6289360070129301,0.6629426129426129,0.6197077545593297,0.5792041103319956,0.570474372664418,0.576098868614378
mean,ensemble_logit_auc_roc,0.4033333333333333,0.5966666666666667,0.637985347985348,0.6401098901098901,0.6129144183609253,0.5720908050131418,0.5896420028463284,0.5708227774249403
