{
  "train": {
    "n_clips": 835,
    "label_counts": {
      "1": 432,
      "0": 403
    },
    "frames_missing": 0,
    "frames_short_lt_16": 0,
    "frame_count_min": 51,
    "frame_count_median": 121.0,
    "audio_missing": 0,
    "flow_missing": 0,
    "sampled_windows": 64,
    "rgb_abs_mean_median": 1.4795677065849304,
    "rgb_zero_ratio_median": 0.0,
    "flow_abs_mean_median": 0.6307539641857147,
    "flow_zero_ratio_median": 0.0,
    "flow_zero_ratio_ge_0_99": 0,
    "audio_abs_mean_median": 0.036928437650203705,
    "audio_zero_ratio_median": 0.0014062500558793545,
    "audio_zero_ratio_ge_0_99": 0
  },
  "val": {
    "n_clips": 130,
    "label_counts": {
      "1": 78,
      "0": 52
    },
    "frames_missing": 0,
    "frames_short_lt_16": 0,
    "frame_count_min": 76,
    "frame_count_median": 126.0,
    "audio_missing": 0,
    "flow_missing": 0,
    "sampled_windows": 64,
    "rgb_abs_mean_median": 1.47616446018219,
    "rgb_zero_ratio_median": 0.0,
    "flow_abs_mean_median": 0.6271517276763916,
    "flow_zero_ratio_median": 0.0,
    "flow_zero_ratio_ge_0_99": 0,
    "audio_abs_mean_median": 0.043669840320944786,
    "audio_zero_ratio_median": 0.001015625020954758,
    "audio_zero_ratio_ge_0_99": 0
  },
  "test": {
    "n_clips": 464,
    "label_counts": {
      "1": 245,
      "0": 219
    },
    "frames_missing": 0,
    "frames_short_lt_16": 0,
    "frame_count_min": 51,
    "frame_count_median": 125.0,
    "audio_missing": 0,
    "flow_missing": 0,
    "sampled_windows": 64,
    "rgb_abs_mean_median": 1.4882155060768127,
    "rgb_zero_ratio_median": 0.0,
    "flow_abs_mean_median": 0.6210819482803345,
    "flow_zero_ratio_median": 0.0,
    "flow_zero_ratio_ge_0_99": 0,
    "audio_abs_mean_median": 0.04038436710834503,
    "audio_zero_ratio_median": 0.0008749999979045242,
    "audio_zero_ratio_ge_0_99": 0
  },
  "score_by_host_top": [
    {
      "host": "YW",
      "n": 120,
      "lie": 68,
      "truth": 52,
      "score_mean": 0.4811097360083035,
      "score_std": 0.011765195157661331,
      "score_min": 0.4588993688424428,
      "score_median": 0.48053044080734253,
      "score_max": 0.5149840712547302,
      "pred_lie_rate": 0.075,
      "accuracy": 0.49166666666666664,
      "balanced_accuracy": 0.54920814479638,
      "f1_lie": 0.2077922077922078,
      "auc_roc": 0.6439479638009049
    },
    {
      "host": "LS",
      "n": 116,
      "lie": 72,
      "truth": 44,
      "score_mean": 0.4835682425049614,
      "score_std": 0.013793943787212553,
      "score_min": 0.4587199836969375,
      "score_median": 0.48257652421792346,
      "score_max": 0.5211613972981771,
      "pred_lie_rate": 0.15517241379310345,
      "accuracy": 0.3793103448275862,
      "balanced_accuracy": 0.4602272727272727,
      "f1_lie": 0.2,
      "auc_roc": 0.574810606060606
    },
    {
      "host": "AN",
      "n": 86,
      "lie": 39,
      "truth": 47,
      "score_mean": 0.4823090092447816,
      "score_std": 0.0128703348047568,
      "score_min": 0.4583062827587127,
      "score_median": 0.4819294437766075,
      "score_max": 0.5177963376045227,
      "pred_lie_rate": 0.10465116279069768,
      "accuracy": 0.5348837209302325,
      "balanced_accuracy": 0.4980905619203491,
      "f1_lie": 0.16666666666666666,
      "auc_roc": 0.5515548281505729
    },
    {
      "host": "BRI",
      "n": 84,
      "lie": 34,
      "truth": 50,
      "score_mean": 0.47962741873108083,
      "score_std": 0.012992275679877733,
      "score_min": 0.4593148976564407,
      "score_median": 0.47792464494705195,
      "score_max": 0.5185144245624542,
      "pred_lie_rate": 0.08333333333333333,
      "accuracy": 0.5833333333333334,
      "balanced_accuracy": 0.5041176470588236,
      "f1_lie": 0.14634146341463414,
      "auc_roc": 0.5176470588235293
    },
    {
      "host": "SB",
      "n": 58,
      "lie": 32,
      "truth": 26,
      "score_mean": 0.4784361416678906,
      "score_std": 0.012672460103650704,
      "score_min": 0.4596334993839264,
      "score_median": 0.4757230601140431,
      "score_max": 0.5122143208980561,
      "pred_lie_rate": 0.05172413793103448,
      "accuracy": 0.5,
      "balanced_accuracy": 0.546875,
      "f1_lie": 0.17142857142857143,
      "auc_roc": 0.5288461538461537
    }
  ],
  "score_by_episode_top": [
    {
      "host": "SB",
      "episode_group_id": "SB_EP42",
      "n": 17,
      "lie": 8,
      "truth": 9,
      "score_mean": 0.47150230256616227,
      "score_std": 0.010698612803003786,
      "score_min": 0.4596334993839264,
      "score_median": 0.4676774501800537,
      "score_max": 0.4945123851299285,
      "pred_lie_rate": 0.0,
      "accuracy": 0.5294117647058824,
      "balanced_accuracy": 0.5,
      "f1_lie": 0.0,
      "auc_roc": 0.5555555555555556
    },
    {
      "host": "YW",
      "episode_group_id": "YW_EP45",
      "n": 14,
      "lie": 11,
      "truth": 3,
      "score_mean": 0.48774869182989705,
      "score_std": 0.01264962714418756,
      "score_min": 0.4639374136924744,
      "score_median": 0.4837483682802745,
      "score_max": 0.5073522726694742,
      "pred_lie_rate": 0.21428571428571427,
      "accuracy": 0.2857142857142857,
      "balanced_accuracy": 0.4242424242424242,
      "f1_lie": 0.2857142857142857,
      "auc_roc": 0.5454545454545455
    },
    {
      "host": "BRI",
      "episode_group_id": "BRI_EP63",
      "n": 13,
      "lie": 2,
      "truth": 11,
      "score_mean": 0.4677538573632747,
      "score_std": 0.00969351325845861,
      "score_min": 0.460005909204483,
      "score_median": 0.4631746888160705,
      "score_max": 0.4954981605211894,
      "pred_lie_rate": 0.0,
      "accuracy": 0.8461538461538461,
      "balanced_accuracy": 0.5,
      "f1_lie": 0.0,
      "auc_roc": 0.2272727272727273
    },
    {
      "host": "YW",
      "episode_group_id": "YW_EP53",
      "n": 12,
      "lie": 8,
      "truth": 4,
      "score_mean": 0.4768686944825781,
      "score_std": 0.007600734527106093,
      "score_min": 0.4588993688424428,
      "score_median": 0.4767562538385391,
      "score_max": 0.4903248026967048,
      "pred_lie_rate": 0.0,
      "accuracy": 0.3333333333333333,
      "balanced_accuracy": 0.5,
      "f1_lie": 0.0,
      "auc_roc": 0.65625
    },
    {
      "host": "LS",
      "episode_group_id": "LS_EP2",
      "n": 12,
      "lie": 7,
      "truth": 5,
      "score_mean": 0.49319881246321723,
      "score_std": 0.012067988748812911,
      "score_min": 0.4644810184836387,
      "score_median": 0.4960790172219276,
      "score_max": 0.5066228111584982,
      "pred_lie_rate": 0.3333333333333333,
      "accuracy": 0.4166666666666667,
      "balanced_accuracy": 0.44285714285714284,
      "f1_lie": 0.36363636363636365,
      "auc_roc": 0.5142857142857142
    },
    {
      "host": "BRI",
      "episode_group_id": "BRI_EP58",
      "n": 12,
      "lie": 7,
      "truth": 5,
      "score_mean": 0.4817955694540783,
      "score_std": 0.018125514827339772,
      "score_min": 0.4593148976564407,
      "score_median": 0.4792468547821045,
      "score_max": 0.5185144245624542,
      "pred_lie_rate": 0.25,
      "accuracy": 0.16666666666666666,
      "balanced_accuracy": 0.2,
      "f1_lie": 0.0,
      "auc_roc": 0.0
    },
    {
      "host": "LS",
      "episode_group_id": "LS_EP9",
      "n": 11,
      "lie": 8,
      "truth": 3,
      "score_mean": 0.4861765527299472,
      "score_std": 0.01496293020035626,
      "score_min": 0.465226337313652,
      "score_median": 0.4841834962368011,
      "score_max": 0.5102312505245209,
      "pred_lie_rate": 0.2727272727272727,
      "accuracy": 0.36363636363636365,
      "balanced_accuracy": 0.4583333333333333,
      "f1_lie": 0.36363636363636365,
      "auc_roc": 0.375
    },
    {
      "host": "YW",
      "episode_group_id": "YW_EP55",
      "n": 11,
      "lie": 7,
      "truth": 4,
      "score_mean": 0.48654617012127654,
      "score_std": 0.010336448784869619,
      "score_min": 0.4725371499856313,