host,n,lie,truth,score_mean,score_std,score_min,score_median,score_max,pred_lie_rate,accuracy,balanced_accuracy,f1_lie,auc_roc
YW,120,68,52,0.4811097360083035,0.011765195157661331,0.4588993688424428,0.48053044080734253,0.5149840712547302,0.075,0.49166666666666664,0.54920814479638,0.2077922077922078,0.6439479638009049
LS,116,72,44,0.4835682425049614,0.013793943787212553,0.4587199836969375,0.48257652421792346,0.5211613972981771,0.15517241379310345,0.3793103448275862,0.4602272727272727,0.2,0.574810606060606
AN,86,39,47,0.4823090092447816,0.0128703348047568,0.4583062827587127,0.4819294437766075,0.5177963376045227,0.10465116279069768,0.5348837209302325,0.4980905619203491,0.16666666666666666,0.5515548281505729
BRI,84,34,50,0.47962741873108083,0.012992275679877733,0.4593148976564407,0.47792464494705195,0.5185144245624542,0.08333333333333333,0.5833333333333334,0.5041176470588236,0.14634146341463414,0.5176470588235293
SB,58,32,26,0.4784361416678906,0.012672460103650704,0.4596334993839264,0.4757230601140431,0.5122143208980561,0.05172413793103448,0.5,0.546875,0.17142857142857143,0.5288461538461537
