{
  "accuracy": 0.6022727272727273,
  "balanced_accuracy": 0.5181623931623931,
  "precision_lie": 0.6,
  "recall_lie": 0.9807692307692307,
  "f1_lie": 0.7445255474452555,
  "macro_f1": 0.423544825004679,
  "confusion_matrix": [
    [
      2,
      34
    ],
    [
      1,
      51
    ]
  ],
  "threshold": 0.5,
  "auc_roc": 0.6303418803418803,
  "auc_pr": 0.7326712447471073
}