{
  "accuracy": 0.6590909090909091,
  "balanced_accuracy": 0.6816239316239316,
  "precision_lie": 0.8055555555555556,
  "recall_lie": 0.5576923076923077,
  "f1_lie": 0.6590909090909091,
  "macro_f1": 0.6590909090909091,
  "confusion_matrix": [
    [
      29,
      7
    ],
    [
      23,
      29
    ]
  ],
  "threshold": 0.6263624019920826,
  "auc_roc": 0.6388888888888888,
  "auc_pr": 0.7302865587452796
}