{
  "accuracy": 0.47413793103448276,
  "balanced_accuracy": 0.5010716615413289,
  "precision_lie": 0.5555555555555556,
  "recall_lie": 0.02040816326530612,
  "f1_lie": 0.03937007874015748,
  "macro_f1": 0.33867613729292745,
  "confusion_matrix": [
    [
      215,
      4
    ],
    [
      240,
      5
    ]
  ],
  "threshold": 0.5,
  "auc_roc": 0.61312086478427,
  "auc_pr": 0.6005777324328523,
  "bootstrap_95ci": {
    "accuracy": {
      "low": 0.42667025862068964,
      "high": 0.5237068965517241
    },
    "f1_lie": {
      "low": 0.008162435705989714,
      "high": 0.07501179245283017
    },
    "auc_roc": {
      "low": 0.5657411465287049,
      "high": 0.6648640558747394
    }
  },
  "calibrated_threshold_metrics": {
    "accuracy": 0.5905172413793104,
    "balanced_accuracy": 0.5761438822104183,
    "precision_lie": 0.5779036827195467,
    "recall_lie": 0.8326530612244898,
    "f1_lie": 0.6822742474916388,
    "macro_f1": 0.5532583358670315,
    "confusion_matrix": [
      [
        70,
        149
      ],
      [
        41,
        204
      ]
    ],
    "threshold": 0.4518776118755341,
    "auc_roc": 0.61312086478427,
    "auc_pr": 0.6005777324328523
  },
  "threshold_calibration": {
    "threshold": 0.4518776118755341,
    "metric": "balanced_accuracy",
    "metric_value": 0.5801282051282051
  },
  "val_metrics_default_threshold": {
    "accuracy": 0.3923076923076923,
    "balanced_accuracy": 0.49038461538461536,
    "precision_lie": 0.0,
    "recall_lie": 0.0,
    "f1_lie": 0.0,
    "macro_f1": 0.281767955801105,
    "confusion_matrix": [
      [
        51,
        1
      ],
      [
        78,
        0
      ]
    ],
    "threshold": 0.5,
    "auc_roc": 0.5564595660749507,
    "auc_pr": 0.6388191040807855
  },
  "val_metrics_calibrated_threshold": {
    "accuracy": 0.6384615384615384,
    "balanced_accuracy": 0.5801282051282051,
    "precision_lie": 0.6476190476190476,
    "recall_lie": 0.8717948717948718,
    "f1_lie": 0.7431693989071039,
    "macro_f1": 0.5663898942587468,
    "confusion_matrix": [
      [
        15,
        37
      ],
      [
        10,
        68
      ]
    ],
    "threshold": 0.4518776118755341,
    "auc_roc": 0.5564595660749507,
    "auc_pr": 0.6388191040807855
  }
}