{
  "accuracy": 0.5230769230769231,
  "balanced_accuracy": 0.5641025641025641,
  "precision_lie": 0.7,
  "recall_lie": 0.358974358974359,
  "f1_lie": 0.4745762711864407,
  "macro_f1": 0.5189782764382908,
  "confusion_matrix": [
    [
      40,
      12
    ],
    [
      50,
      28
    ]
  ],
  "threshold": 0.5529655188322067,
  "auc_roc": 0.5387080867850099,
  "auc_pr": 0.6482564750892836
}