{
  "accuracy": 0.6173913043478261,
  "balanced_accuracy": 0.5190476190476191,
  "precision_lie": 0.6181818181818182,
  "recall_lie": 0.9714285714285714,
  "f1_lie": 0.7555555555555555,
  "macro_f1": 0.43777777777777777,
  "confusion_matrix": [
    [
      3,
      42
    ],
    [
      2,
      68
    ]
  ],
  "threshold": 0.5,
  "auc_roc": 0.647936507936508,
  "auc_pr": 0.7517229760057174
}