{
  "accuracy": 0.6521739130434783,
  "balanced_accuracy": 0.6507936507936508,
  "precision_lie": 0.7419354838709677,
  "recall_lie": 0.6571428571428571,
  "f1_lie": 0.696969696969697,
  "macro_f1": 0.6444032158317873,
  "confusion_matrix": [
    [
      29,
      16
    ],
    [
      24,
      46
    ]
  ],
  "threshold": 0.5341861993074417,
  "auc_roc": 0.647936507936508,
  "auc_pr": 0.7517229760057174
}