{
  "accuracy": 0.6384615384615384,
  "balanced_accuracy": 0.5801282051282051,
  "precision_lie": 0.6476190476190476,
  "recall_lie": 0.8717948717948718,
  "f1_lie": 0.7431693989071039,
  "macro_f1": 0.5663898942587468,
  "confusion_matrix": [
    [
      15,
      37
    ],
    [
      10,
      68
    ]
  ],
  "threshold": 0.4518776118755341,
  "auc_roc": 0.5564595660749507,
  "auc_pr": 0.6388191040807855
}