{
  "accuracy": 0.5538461538461539,
  "balanced_accuracy": 0.5256410256410257,
  "precision_lie": 0.6190476190476191,
  "recall_lie": 0.6666666666666666,
  "f1_lie": 0.6419753086419753,
  "macro_f1": 0.5250692869740489,
  "confusion_matrix": [
    [
      20,
      32
    ],
    [
      26,
      52
    ]
  ],
  "threshold": 0.5,
  "auc_roc": 0.5387080867850099,
  "auc_pr": 0.6482564750892836
}