{
  "accuracy": 0.6363636363636364,
  "balanced_accuracy": 0.6495726495726495,
  "precision_lie": 0.75,
  "recall_lie": 0.5769230769230769,
  "f1_lie": 0.6521739130434783,
  "macro_f1": 0.6356107660455487,
  "confusion_matrix": [
    [
      26,
      10
    ],
    [
      22,
      30
    ]
  ],
  "threshold": 0.6784574225544929,
  "auc_roc": 0.5854700854700855,
  "auc_pr": 0.6669362079992971
}