{
  "accuracy": 0.5909090909090909,
  "balanced_accuracy": 0.5555555555555556,
  "precision_lie": 0.6290322580645161,
  "recall_lie": 0.75,
  "f1_lie": 0.6842105263157895,
  "macro_f1": 0.5517826825127334,
  "confusion_matrix": [
    [
      13,
      23
    ],
    [
      13,
      39
    ]
  ],
  "threshold": 0.5,
  "auc_roc": 0.6388888888888888,
  "auc_pr": 0.7302865587452796
}