{
  "accuracy": 0.6086956521739131,
  "balanced_accuracy": 0.6547619047619048,
  "precision_lie": 0.8378378378378378,
  "recall_lie": 0.44285714285714284,
  "f1_lie": 0.5794392523364486,
  "macro_f1": 0.6067927968999316,
  "confusion_matrix": [
    [
      39,
      6
    ],
    [
      39,
      31
    ]
  ],
  "threshold": 0.5046621243158976,
  "auc_roc": 0.6422222222222221,
  "auc_pr": 0.7602835693996022
}