{
  "accuracy": 0.6521739130434783,
  "balanced_accuracy": 0.6785714285714286,
  "precision_lie": 0.8125,
  "recall_lie": 0.5571428571428572,
  "f1_lie": 0.6610169491525424,
  "macro_f1": 0.6519370460048426,
  "confusion_matrix": [
    [
      36,
      9
    ],
    [
      31,
      39
    ]
  ],
  "threshold": 0.5065302096662068,
  "auc_roc": 0.6647619047619048,
  "auc_pr": 0.7378476747721521
}