{
  "accuracy": 0.5153846153846153,
  "balanced_accuracy": 0.5865384615384616,
  "precision_lie": 0.8571428571428571,
  "recall_lie": 0.23076923076923078,
  "f1_lie": 0.36363636363636365,
  "macro_f1": 0.48616600790513836,
  "confusion_matrix": [
    [
      49,
      3
    ],
    [
      60,
      18
    ]
  ],
  "threshold": 0.4632079616189003,
  "auc_roc": 0.5727317554240632,
  "auc_pr": 0.6756666857212082
}