{
  "accuracy": 0.6521739130434783,
  "balanced_accuracy": 0.6706349206349207,
  "precision_lie": 0.7884615384615384,
  "recall_lie": 0.5857142857142857,
  "f1_lie": 0.6721311475409836,
  "macro_f1": 0.6508803885853066,
  "confusion_matrix": [
    [
      34,
      11
    ],
    [
      29,
      41
    ]
  ],
  "threshold": 0.5,
  "auc_roc": 0.6647619047619048,
  "auc_pr": 0.7378476747721521
}