{
  "accuracy": 0.5826086956521739,
  "balanced_accuracy": 0.6015873015873016,
  "precision_lie": 0.72,
  "recall_lie": 0.5142857142857142,
  "f1_lie": 0.6,
  "macro_f1": 0.5818181818181818,
  "confusion_matrix": [
    [
      31,
      14
    ],
    [
      34,
      36
    ]
  ],
  "threshold": 0.5,
  "auc_roc": 0.6422222222222221,
  "auc_pr": 0.7602835693996022
}