{
  "accuracy": 0.6363636363636364,
  "balanced_accuracy": 0.641025641025641,
  "precision_lie": 0.7272727272727273,
  "recall_lie": 0.6153846153846154,
  "f1_lie": 0.6666666666666666,
  "macro_f1": 0.6333333333333333,
  "confusion_matrix": [
    [
      24,
      12
    ],
    [
      20,
      32
    ]
  ],
  "threshold": 0.5484310649335384,
  "auc_roc": 0.6303418803418803,
  "auc_pr": 0.7326712447471073
}