{
  "accuracy": 0.5454545454545454,
  "balanced_accuracy": 0.5,
  "precision_lie": 0.5909090909090909,
  "recall_lie": 0.75,
  "f1_lie": 0.6610169491525424,
  "macro_f1": 0.4856808883693746,
  "confusion_matrix": [
    [
      9,
      27
    ],
    [
      13,
      39
    ]
  ],
  "threshold": 0.5,
  "auc_roc": 0.5854700854700855,
  "auc_pr": 0.6669362079992971
}