fold,method,w_cross_attention_auc,w_gated_prior_kl,val_auc_roc,val_balanced_accuracy,test_auc_roc,test_balanced_accuracy,test_f1_lie,test_macro_f1
mean,cross_attention_auc,1.0,0.0,0.5961269215115369,0.6087708587708588,0.6059034476700981,0.5670284283549615,0.4805800533255676,0.5302200343498008
mean,gated_prior_kl,0.0,1.0,0.621644986068063,0.6253866503866504,0.6080520586161194,0.5678479570894545,0.5851365664470349,0.5664279656954377
mean,ensemble_raw_balanced_accuracy,0.07333333333333335,0.9266666666666667,0.6267751479289941,0.6378306878306879,0.617178251269107,0.5757388281253171,0.6309243602974254,0.5668680373356751
mean,ensemble_raw_auc_roc,0.36666666666666664,0.6333333333333333,0.6332872327103095,0.623015873015873,0.6194220374727686,0.5810361728650949,0.5989055255445015,0.5794673305897827
mean,ensemble_logit_balanced_accuracy,0.07,0.93,0.6269867881406342,0.6378306878306879,0.6171088308949612,0.5750110260874713,0.6305263570594329,0.5660913185518496
mean,ensemble_logit_auc_roc,0.3633333333333333,0.6366666666666666,0.633109170032247,0.623015873015873,0.6194392183098941,0.5810361728650949,0.5989055255445015,0.5794673305897827
