{
  "fold": "fold3",
  "seed": 42,
  "best_epoch": 2,
  "best_val_metric_name": "auc_roc",
  "best_val_metric": 0.5697731755424063,
  "best_val_f1_lie": 0.7182320441988951,
  "best_val_auc_roc": 0.5697731755424063,
  "best_val_balanced_accuracy": 0.5512820512820513,
  "checkpoint": "outputs/checkpoints/paper_gated_reliability_confidence/fold3_seed42_best.pt",
  "loss_name": "ce",
  "label_imbalance": 0.034730538725852966,
  "threshold_calibration": {
    "threshold": 0.530773001909256,
    "metric": "balanced_accuracy",
    "metric_value": 0.5993589743589743
  },
  "test_metrics_calibrated_threshold": {
    "accuracy": 0.5193965517241379,
    "balanced_accuracy": 0.5383561643835616,
    "precision_lie": 0.6447368421052632,
    "recall_lie": 0.2,
    "f1_lie": 0.3052959501557632,
    "macro_f1": 0.4689576950119837,
    "confusion_matrix": [
      [
        192,
        27
      ],
      [
        196,
        49
      ]
    ],
    "threshold": 0.530773001909256,
    "auc_roc": 0.5734787065511137,
    "auc_pr": 0.603021613830707
  },
  "test_metrics": {
    "accuracy": 0.5581896551724138,
    "balanced_accuracy": 0.5421395955642532,
    "precision_lie": 0.5546448087431693,
    "recall_lie": 0.8285714285714286,
    "f1_lie": 0.6644844517184942,
    "macro_f1": 0.5088983772788055,
    "confusion_matrix": [
      [
        56,
        163
      ],
      [
        42,
        203
      ]
    ],
    "threshold": 0.5,
    "auc_roc": 0.5734787065511137,
    "auc_pr": 0.603021613830707,
    "bootstrap_95ci": {
      "accuracy": {
        "low": 0.5129310344827587,
        "high": 0.6035021551724137
      },
      "f1_lie": {
        "low": 0.6219873404198494,
        "high": 0.7095812141891457
      },
      "auc_roc": {
        "low": 0.5228621876292473,
        "high": 0.6253411568043974
      }
    },
    "calibrated_threshold_metrics": {
      "accuracy": 0.5193965517241379,
      "balanced_accuracy": 0.5383561643835616,
      "precision_lie": 0.6447368421052632,
      "recall_lie": 0.2,
      "f1_lie": 0.3052959501557632,
      "macro_f1": 0.4689576950119837,
      "confusion_matrix": [
        [
          192,
          27
        ],
        [
          196,
          49
        ]
      ],
      "threshold": 0.530773001909256,
      "auc_roc": 0.5734787065511137,
      "auc_pr": 0.603021613830707
    },
    "threshold_calibration": {
      "threshold": 0.530773001909256,
      "metric": "balanced_accuracy",
      "metric_value": 0.5993589743589743
    },
    "val_metrics_default_threshold": {
      "accuracy": 0.6076923076923076,
      "balanced_accuracy": 0.5512820512820513,
      "precision_lie": 0.6310679611650486,
      "recall_lie": 0.8333333333333334,
      "f1_lie": 0.7182320441988951,
      "macro_f1": 0.5363312119728653,
      "confusion_matrix": [
        [
          14,
          38
        ],
        [
          13,
          65
        ]
      ],
      "threshold": 0.5,
      "auc_roc": 0.5697731755424063,
      "auc_pr": 0.7127104255216326
    },
    "val_metrics_calibrated_threshold": {
      "accuracy": 0.5307692307692308,
      "balanced_accuracy": 0.5993589743589743,
      "precision_lie": 0.8695652173913043,
      "recall_lie": 0.2564102564102564,
      "f1_lie": 0.39603960396039606,
      "macro_f1": 0.5061959026091288,
      "confusion_matrix": [
        [
          49,
          3
        ],
        [
          58,
          20
        ]
      ],
      "threshold": 0.530773001909256,
      "auc_roc": 0.5697731755424063,
      "auc_pr": 0.7127104255216326
    }
  }
}