{
  "accuracy": 0.6,
  "balanced_accuracy": 0.6238095238095238,
  "precision_lie": 0.75,
  "recall_lie": 0.5142857142857142,
  "f1_lie": 0.6101694915254238,
  "macro_f1": 0.599727602905569,
  "confusion_matrix": [
    [
      33,
      12
    ],
    [
      34,
      36
    ]
  ],
  "threshold": 0.5270331760247549,
  "auc_roc": 0.6387301587301588,
  "auc_pr": 0.7576008620405505
}