{
  "accuracy": 0.5909090909090909,
  "balanced_accuracy": 0.5341880341880342,
  "precision_lie": 0.6111111111111112,
  "recall_lie": 0.8461538461538461,
  "f1_lie": 0.7096774193548387,
  "macro_f1": 0.5086848635235732,
  "confusion_matrix": [
    [
      8,
      28
    ],
    [
      8,
      44
    ]
  ],
  "threshold": 0.5,
  "auc_roc": 0.5849358974358975,
  "auc_pr": 0.6517407083284203
}