{
  "accuracy": 0.6136363636363636,
  "balanced_accuracy": 0.6346153846153846,
  "precision_lie": 0.75,
  "recall_lie": 0.5192307692307693,
  "f1_lie": 0.6136363636363636,
  "macro_f1": 0.6136363636363636,
  "confusion_matrix": [
    [
      27,
      9
    ],
    [
      25,
      27
    ]
  ],
  "threshold": 0.708860470354557,
  "auc_roc": 0.5849358974358975,
  "auc_pr": 0.6517407083284203
}