{
  "fold": "fold1",
  "seed": 42,
  "best_epoch": 6,
  "best_val_metric_name": "auc_roc",
  "best_val_metric": 0.5849358974358975,
  "best_val_f1_lie": 0.7096774193548387,
  "best_val_auc_roc": 0.5849358974358975,
  "best_val_balanced_accuracy": 0.5341880341880342,
  "checkpoint": "outputs/checkpoints/paper_gated_reliability_confidence/fold1_seed42_best.pt",
  "loss_name": "ce",
  "label_imbalance": 0.04084014147520065,
  "threshold_calibration": {
    "threshold": 0.708860470354557,
    "metric": "balanced_accuracy",
    "metric_value": 0.6346153846153846
  },
  "test_metrics_calibrated_threshold": {
    "accuracy": 0.5888429752066116,
    "balanced_accuracy": 0.601784398087043,
    "precision_lie": 0.7013888888888888,
    "recall_lie": 0.39299610894941633,
    "f1_lie": 0.5037406483790524,
    "macro_f1": 0.576385315371184,
    "confusion_matrix": [
      [
        184,
        43
      ],
      [
        156,
        101
      ]
    ],
    "threshold": 0.708860470354557,
    "auc_roc": 0.6613243284938035,
    "auc_pr": 0.6658503658016468
  },
  "test_metrics": {
    "accuracy": 0.6301652892561983,
    "balanced_accuracy": 0.6203825914054063,
    "precision_lie": 0.6211180124223602,
    "recall_lie": 0.7782101167315175,
    "f1_lie": 0.690846286701209,
    "macro_f1": 0.6153460225279823,
    "confusion_matrix": [
      [
        105,
        122
      ],
      [
        57,
        200
      ]
    ],
    "threshold": 0.5,
    "auc_roc": 0.6613243284938035,
    "auc_pr": 0.6658503658016468,
    "bootstrap_95ci": {
      "accuracy": {
        "low": 0.5888429752066116,
        "high": 0.6735537190082644
      },
      "f1_lie": {
        "low": 0.6449181614675699,
        "high": 0.7312186978297162
      },
      "auc_roc": {
        "low": 0.6149010355984597,
        "high": 0.7108362715137049
      }
    },
    "calibrated_threshold_metrics": {
      "accuracy": 0.5888429752066116,
      "balanced_accuracy": 0.601784398087043,
      "precision_lie": 0.7013888888888888,
      "recall_lie": 0.39299610894941633,
      "f1_lie": 0.5037406483790524,
      "macro_f1": 0.576385315371184,
      "confusion_matrix": [
        [
          184,
          43
        ],
        [
          156,
          101
        ]
      ],
      "threshold": 0.708860470354557,
      "auc_roc": 0.6613243284938035,
      "auc_pr": 0.6658503658016468
    },
    "threshold_calibration": {
      "threshold": 0.708860470354557,
      "metric": "balanced_accuracy",
      "metric_value": 0.6346153846153846
    },
    "val_metrics_default_threshold": {
      "accuracy": 0.5909090909090909,
      "balanced_accuracy": 0.5341880341880342,
      "precision_lie": 0.6111111111111112,
      "recall_lie": 0.8461538461538461,
      "f1_lie": 0.7096774193548387,
      "macro_f1": 0.5086848635235732,
      "confusion_matrix": [
        [
          8,
          28
        ],
        [
          8,
          44
        ]
      ],
      "threshold": 0.5,
      "auc_roc": 0.5849358974358975,
      "auc_pr": 0.6517407083284203
    },
    "val_metrics_calibrated_threshold": {
      "accuracy": 0.6136363636363636,
      "balanced_accuracy": 0.6346153846153846,
      "precision_lie": 0.75,
      "recall_lie": 0.5192307692307693,
      "f1_lie": 0.6136363636363636,
      "macro_f1": 0.6136363636363636,
      "confusion_matrix": [
        [
          27,
          9
        ],
        [
          25,
          27
        ]
      ],
      "threshold": 0.708860470354557,
      "auc_roc": 0.5849358974358975,
      "auc_pr": 0.6517407083284203
    }
  }
}