{
  "accuracy": 0.5307692307692308,
  "balanced_accuracy": 0.5993589743589743,
  "precision_lie": 0.8695652173913043,
  "recall_lie": 0.2564102564102564,
  "f1_lie": 0.39603960396039606,
  "macro_f1": 0.5061959026091288,
  "confusion_matrix": [
    [
      49,
      3
    ],
    [
      58,
      20
    ]
  ],
  "threshold": 0.530773001909256,
  "auc_roc": 0.5697731755424063,
  "auc_pr": 0.7127104255216326
}