{
  "accuracy": 0.6076923076923076,
  "balanced_accuracy": 0.5512820512820513,
  "precision_lie": 0.6310679611650486,
  "recall_lie": 0.8333333333333334,
  "f1_lie": 0.7182320441988951,
  "macro_f1": 0.5363312119728653,
  "confusion_matrix": [
    [
      14,
      38
    ],
    [
      13,
      65
    ]
  ],
  "threshold": 0.5,
  "auc_roc": 0.5697731755424063,
  "auc_pr": 0.7127104255216326
}