{
  "accuracy": 0.6173913043478261,
  "balanced_accuracy": 0.5150793650793651,
  "precision_lie": 0.6160714285714286,
  "recall_lie": 0.9857142857142858,
  "f1_lie": 0.7582417582417582,
  "macro_f1": 0.4207875457875458,
  "confusion_matrix": [
    [
      2,
      43
    ],
    [
      1,
      69
    ]
  ],
  "threshold": 0.5,
  "auc_roc": 0.6387301587301588,
  "auc_pr": 0.7576008620405505
}