{
  "accuracy": 0.6076923076923076,
  "balanced_accuracy": 0.5865384615384616,
  "precision_lie": 0.6666666666666666,
  "recall_lie": 0.6923076923076923,
  "f1_lie": 0.6792452830188679,
  "macro_f1": 0.5871473939846814,
  "confusion_matrix": [
    [
      25,
      27
    ],
    [
      24,
      54
    ]
  ],
  "threshold": 0.5199344998056239,
  "auc_roc": 0.5633629191321499,
  "auc_pr": 0.6555608271363453
}