{
  "model_name": "late_fusion",
  "prediction_file": "outputs/metrics/real_life_late_fusion/test_predictions.csv",
  "threshold": 0.5,
  "metrics": {
    "accuracy": 0.625,
    "precision_lie": 0.75,
    "recall_lie": 0.46153846153846156,
    "f1_lie": 0.5714285714285714,
    "macro_f1": 0.6190476190476191,
    "confusion_matrix": [
      [
        9,
        2
      ],
      [
        7,
        6
      ]
    ],
    "auc_roc": 0.6783216783216783,
    "auc_pr": 0.6904192973018884,
    "eer": 0.2517482517482517
  },
  "counts_by_error_type": {
    "TN": 9,
    "FN": 7,
    "TP": 6,
    "FP": 2
  },
  "errors": 9,
  "n_videos": 24,
  "errors_by_group_id": {
    "Andrea Sneiderman": 6,
    "Crystal Mangum": 2,
    "Jamie Hood": 1
  },
  "errors_by_role": {
    "Defendant": 8,
    "Defense witness": 1
  },
  "errors_by_trial_name": {
    "Andrea Sneiderman": 6,
    "Crystal Mangum": 2,
    "Jamie Hood": 1
  },
  "quality_summary": {
    "face_crop_rate": {
      "correct_mean": 1.0,
      "error_mean": 1.0
    },
    "new_detection_rate": {
      "correct_mean": 0.9957334988619905,
      "error_mean": 0.9962317188983856
    },
    "center_frames": {
      "correct_mean": 0.0,
      "error_mean": 0.0
    },
    "duration_sec": {
      "correct_mean": 29.831410138145635,
      "error_mean": 32.438364290216136
    },
    "fps": {
      "correct_mean": 28.18046866466867,
      "error_mean": 28.757777777777775
    },
    "width": {
      "correct_mean": 1109.3333333333333,
      "error_mean": 1475.5555555555557
    },
    "height": {
      "correct_mean": 637.3333333333334,
      "error_mean": 833.3333333333334
    }
  }
}