epoch,train_loss,val_auc_roc,val_auc_pr,val_macro_f1,val_lie_recall,val_eer,head_lr,backbone_lr
1,0.727131046660959,0.5277777777777778,0.5378706533118298,0.4857142857142857,0.3333333333333333,0.41666666666666663,0.0001,0.0
2,0.7429700877568494,0.6805555555555556,0.7182974432974434,0.5555555555555556,0.3333333333333333,0.5,0.0001,0.0
3,0.6732629227311644,0.5625,0.6177022538242083,0.4375,0.16666666666666666,0.5,0.0001,1e-05
4,0.5939556801155822,0.5625,0.5547431691975035,0.5343915343915344,0.4166666666666667,0.41666666666666663,0.0001,1e-05
5,0.5246072011451198,0.6458333333333334,0.7307285045342825,0.4197802197802198,0.08333333333333333,0.41666666666666663,0.0001,1e-05
6,0.48687744140625,0.5625,0.6224997711217257,0.4666666666666667,0.25,0.41666666666666663,0.0001,1e-05
7,0.4517253718964041,0.5347222222222222,0.6416340037621502,0.5714285714285714,0.4166666666666667,0.41666666666666663,0.0001,1e-05
