experiment,seed,best_epoch,best_val_auc_roc,test_auc_roc,test_auc_pr,test_macro_f1,test_lie_recall,test_eer
baseline_frame_resnet18,42,1,0.3819444444444444,0.7202797202797203,0.7376341408849149,0.6571428571428571,0.7692307692307693,0.2902097902097902
baseline_frame_resnet18_seed123,123,1,0.2777777777777778,0.5594405594405595,0.6604443200418433,0.5208711433756805,0.3076923076923077,0.458041958041958
baseline_frame_resnet18_seed2025,2025,1,0.8333333333333333,0.5874125874125874,0.6104068001665256,0.5343915343915344,0.38461538461538464,0.458041958041958
