{
  "seeds": [
    42,
    123,
    2025
  ],
  "results": [
    {
      "experiment": "baseline_frame_resnet18",
      "seed": 42,
      "best_epoch": 1,
      "best_val_auc_roc": 0.3819444444444444,
      "test_auc_roc": 0.7202797202797203,
      "test_auc_pr": 0.7376341408849149,
      "test_macro_f1": 0.6571428571428571,
      "test_lie_recall": 0.7692307692307693,
      "test_eer": 0.2902097902097902
    },
    {
      "experiment": "baseline_frame_resnet18_seed123",
      "seed": 123,
      "best_epoch": 1,
      "best_val_auc_roc": 0.2777777777777778,
      "test_auc_roc": 0.5594405594405595,
      "test_auc_pr": 0.6604443200418433,
      "test_macro_f1": 0.5208711433756805,
      "test_lie_recall": 0.3076923076923077,
      "test_eer": 0.458041958041958
    },
    {
      "experiment": "baseline_frame_resnet18_seed2025",
      "seed": 2025,
      "best_epoch": 1,
      "best_val_auc_roc": 0.8333333333333333,
      "test_auc_roc": 0.5874125874125874,
      "test_auc_pr": 0.6104068001665256,
      "test_macro_f1": 0.5343915343915344,
      "test_lie_recall": 0.38461538461538464,
      "test_eer": 0.458041958041958
    }
  ],
  "aggregate": {
    "best_val_auc_roc": {
      "mean": 0.4976851851851851,
      "std": 0.2953090468095619
    },
    "test_auc_roc": {
      "mean": 0.6223776223776224,
      "std": 0.08593150858352804
    },
    "test_auc_pr": {
      "mean": 0.6694950870310946,
      "std": 0.06409474505674055
    },
    "test_macro_f1": {
      "mean": 0.5708018449700241,
      "std": 0.07507847914400892
    },
    "test_lie_recall": {
      "mean": 0.4871794871794872,
      "std": 0.24727309643571682
    },
    "test_eer": {
      "mean": 0.4020979020979021,
      "std": 0.09689794727658053
    }
  }
}