{
  "accuracy": 0.6173913043478261,
  "balanced_accuracy": 0.6341269841269841,
  "precision_lie": 0.75,
  "recall_lie": 0.5571428571428572,
  "f1_lie": 0.639344262295082,
  "macro_f1": 0.6159684274438373,
  "confusion_matrix": [
    [
      32,
      13
    ],
    [
      31,
      39
    ]
  ],
  "threshold": 0.5,
  "auc_roc": 0.6596825396825395,
  "auc_pr": 0.7340172560263483
}