{
  "accuracy": 0.4,
  "balanced_accuracy": 0.5,
  "precision_lie": 0.0,
  "recall_lie": 0.0,
  "f1_lie": 0.0,
  "macro_f1": 0.2857142857142857,
  "confusion_matrix": [
    [
      52,
      0
    ],
    [
      78,
      0
    ]
  ],
  "threshold": 0.5,
  "auc_roc": 0.5453648915187377,
  "auc_pr": 0.6766664945686136
}