{
  "accuracy": 0.625,
  "balanced_accuracy": 0.592948717948718,
  "precision_lie": 0.6557377049180327,
  "recall_lie": 0.7692307692307693,
  "f1_lie": 0.7079646017699115,
  "macro_f1": 0.5920775389801938,
  "confusion_matrix": [
    [
      15,
      21
    ],
    [
      12,
      40
    ]
  ],
  "threshold": 0.46984003484249115,
  "auc_roc": 0.5833333333333334,
  "auc_pr": 0.6713444782878486
}