{
  "accuracy": 0.5909090909090909,
  "balanced_accuracy": 0.5683760683760684,
  "precision_lie": 0.6428571428571429,
  "recall_lie": 0.6923076923076923,
  "f1_lie": 0.6666666666666666,
  "macro_f1": 0.5686274509803921,
  "confusion_matrix": [
    [
      16,
      20
    ],
    [
      16,
      36
    ]
  ],
  "threshold": 0.5,
  "auc_roc": 0.5833333333333334,
  "auc_pr": 0.6713444782878486
}