{
  "accuracy": 0.47198275862068967,
  "balanced_accuracy": 0.5,
  "precision_lie": 0.0,
  "recall_lie": 0.0,
  "f1_lie": 0.0,
  "macro_f1": 0.3206442166910688,
  "confusion_matrix": [
    [
      219,
      0
    ],
    [
      245,
      0
    ]
  ],
  "threshold": 0.5,
  "auc_roc": 0.5692106979778213,
  "auc_pr": 0.5964167617870934,
  "bootstrap_95ci": {
    "accuracy": {
      "low": 0.42451508620689654,
      "high": 0.5193965517241379
    },
    "f1_lie": {
      "low": 0.0,
      "high": 0.0
    },
    "auc_roc": {
      "low": 0.5159789344524279,
      "high": 0.6197570810752342
    }
  },
  "calibrated_threshold_metrics": {
    "accuracy": 0.5043103448275862,
    "balanced_accuracy": 0.5274624918460534,
    "precision_lie": 0.6829268292682927,
    "recall_lie": 0.11428571428571428,
    "f1_lie": 0.1958041958041958,
    "macro_f1": 0.4187743720454001,
    "confusion_matrix": [
      [
        206,
        13
      ],
      [
        217,
        28
      ]
    ],
    "threshold": 0.48290466964244844,
    "auc_roc": 0.5692106979778213,
    "auc_pr": 0.5964167617870934
  },
  "threshold_calibration": {
    "threshold": 0.48290466964244844,
    "metric": "balanced_accuracy",
    "metric_value": 0.5865384615384616
  },
  "val_metrics_default_threshold": {
    "accuracy": 0.4,
    "balanced_accuracy": 0.5,
    "precision_lie": 0.0,
    "recall_lie": 0.0,
    "f1_lie": 0.0,
    "macro_f1": 0.2857142857142857,
    "confusion_matrix": [
      [
        52,
        0
      ],
      [
        78,
        0
      ]
    ],
    "threshold": 0.5,
    "auc_roc": 0.5453648915187377,
    "auc_pr": 0.6766664945686136
  },
  "val_metrics_calibrated_threshold": {
    "accuracy": 0.5153846153846153,
    "balanced_accuracy": 0.5865384615384616,
    "precision_lie": 0.8571428571428571,
    "recall_lie": 0.23076923076923078,
    "f1_lie": 0.36363636363636365,
    "macro_f1": 0.48616600790513836,
    "confusion_matrix": [
      [
        49,
        3
      ],
      [
        60,
        18
      ]
    ],
    "threshold": 0.48290466964244844,
    "auc_roc": 0.5453648915187377,
    "auc_pr": 0.6766664945686136
  }
}