{
  "accuracy": 0.6521739130434783,
  "balanced_accuracy": 0.6468253968253967,
  "precision_lie": 0.734375,
  "recall_lie": 0.6714285714285714,
  "f1_lie": 0.7014925373134329,
  "macro_f1": 0.6424129353233832,
  "confusion_matrix": [
    [
      28,
      17
    ],
    [
      23,
      47
    ]
  ],
  "threshold": 0.48176356628537176,
  "auc_roc": 0.6596825396825395,
  "auc_pr": 0.7340172560263483
}