{
  "resnet18_frame_ensemble": {
    "threshold_selection": {
      "threshold": 0.5814582159121832,
      "selection_score": 0.5555555555555556,
      "metrics": {
        "accuracy": 0.5833333333333334,
        "precision_lie": 0.6666666666666666,
        "recall_lie": 0.3333333333333333,
        "f1_lie": 0.4444444444444444,
        "macro_f1": 0.5555555555555556,
        "confusion_matrix": [
          [
            10,
            2
          ],
          [
            8,
            4
          ]
        ],
        "auc_roc": 0.5138888888888888,
        "auc_pr": 0.5729515811559156,
        "eer": 0.5833333333333333
      }
    },
    "test_default_threshold_metrics": {
      "accuracy": 0.5833333333333334,
      "precision_lie": 0.6666666666666666,
      "recall_lie": 0.46153846153846156,
      "f1_lie": 0.5454545454545454,
      "macro_f1": 0.5804195804195804,
      "confusion_matrix": [
        [
          8,
          3
        ],
        [
          7,
          6
        ]
      ],
      "auc_roc": 0.6223776223776224,
      "auc_pr": 0.686736936028434,
      "eer": 0.5419580419580419
    },
    "test_tuned_threshold_metrics": {
      "accuracy": 0.5,
      "precision_lie": 0.6,
      "recall_lie": 0.23076923076923078,
      "f1_lie": 0.3333333333333333,
      "macro_f1": 0.4666666666666667,
      "confusion_matrix": [
        [
          9,
          2
        ],
        [
          10,
          3
        ]
      ],
      "auc_roc": 0.6223776223776224,
      "auc_pr": 0.686736936028434,
      "eer": 0.5419580419580419,
      "bootstrap_95ci": {
        "auc_roc": {
          "low": 0.36291666666666667,
          "high": 0.85
        },
        "macro_f1": {
          "low": 0.3647361647361647,
          "high": 0.782367796886853
        },
        "recall_lie": {
          "low": 0.16666666666666666,
          "high": 0.75
        }
      }
    }
  },
  "resnet18_seed42": {
    "threshold_selection": {
      "threshold": 0.5885735154151917,
      "selection_score": 0.49650349650349646,
      "metrics": {
        "accuracy": 0.5,
        "precision_lie": 0.5,
        "recall_lie": 0.5833333333333334,
        "f1_lie": 0.5384615384615384,
        "macro_f1": 0.49650349650349646,
        "confusion_matrix": [
          [
            5,
            7
          ],
          [
            5,
            7
          ]
        ],
        "auc_roc": 0.3819444444444444,
        "auc_pr": 0.4391968940881984,
        "eer": 0.5833333333333333
      }
    },
    "test_default_threshold_metrics": {
      "accuracy": 0.6666666666666666,
      "precision_lie": 0.6666666666666666,
      "recall_lie": 0.7692307692307693,
      "f1_lie": 0.7142857142857143,
      "macro_f1": 0.6571428571428571,
      "confusion_matrix": [
        [
          6,
          5
        ],
        [
          3,
          10
        ]
      ],
      "auc_roc": 0.7202797202797203,
      "auc_pr": 0.7376341408849149,
      "eer": 0.2902097902097902
    },
    "test_tuned_threshold_metrics": {
      "accuracy": 0.6666666666666666,
      "precision_lie": 0.7272727272727273,
      "recall_lie": 0.6153846153846154,
      "f1_lie": 0.6666666666666666,
      "macro_f1": 0.6666666666666666,
      "confusion_matrix": [
        [
          8,
          3
        ],
        [
          5,
          8
        ]
      ],
      "auc_roc": 0.7202797202797203,
      "auc_pr": 0.7376341408849149,
      "eer": 0.2902097902097902,
      "bootstrap_95ci": {
        "auc_roc": {
          "low": 0.4666666666666667,
          "high": 0.9244183989385227
        },
        "macro_f1": {
          "low": 0.45739130434782604,
          "high": 0.8321678321678322
        },
        "recall_lie": {
          "low": 0.5,
          "high": 1.0
        }
      }
    }
  },
  "r3d18_rgb": {
    "threshold_selection": {
      "threshold": 0.3745121657848358,
      "selection_score": 0.6643356643356644,
      "metrics": {
        "accuracy": 0.6666666666666666,
        "precision_lie": 0.6428571428571429,
        "recall_lie": 0.75,
        "f1_lie": 0.6923076923076923,
        "macro_f1": 0.6643356643356644,
        "confusion_matrix": [
          [
            7,
            5
          ],
          [
            3,
            9
          ]
        ],
        "auc_roc": 0.6805555555555556,
        "auc_pr": 0.7182974432974434,
        "eer": 0.5
      }
    },
    "test_default_threshold_metrics": {
      "accuracy": 0.5,
      "precision_lie": 0.5714285714285714,
      "recall_lie": 0.3076923076923077,
      "f1_lie": 0.4,
      "macro_f1": 0.4857142857142857,
      "confusion_matrix": [
        [
          8,
          3
        ],
        [
          9,
          4
        ]
      ],
      "auc_roc": 0.4755244755244755,
      "auc_pr": 0.5932180504480328,
      "eer": 0.5419580419580419
    },
    "test_tuned_threshold_metrics": {
      "accuracy": 0.4583333333333333,
      "precision_lie": 0.5,
      "recall_lie": 0.8461538461538461,
      "f1_lie": 0.6285714285714286,
      "macro_f1": 0.3142857142857143,
      "confusion_matrix": [
        [
          0,
          11
        ],
        [
          2,
          11
        ]
      ],
      "auc_roc": 0.4755244755244755,
      "auc_pr": 0.5932180504480328,
      "eer": 0.5419580419580419,
      "bootstrap_95ci": {
        "auc_roc": {
          "low": 0.23700396825396822,
          "high": 0.7294689685314683
        },
        "macro_f1": {
          "low": 0.2804232804232804,
          "high": 0.6666666666666666
        },
        "recall_lie": {
          "low": 0.07692307692307693,
          "high": 0.5714285714285714
        }
      }
    }
  },
  "tfidf_logistic_regression": {
    "threshold_selection": {
      "threshold": 0.4847613692159745,
      "selection_score": 0.6666666666666666,
      "metrics": {
        "accuracy": 0.6666666666666666,
        "precision_lie": 0.6666666666666666,
        "recall_lie": 0.6666666666666666,
        "f1_lie": 0.6666666666666666,
        "macro_f1": 0.6666666666666666,
        "confusion_matrix": [
          [
            8,
            4
          ],
          [
            4,
            8
          ]
        ],
        "auc_roc": 0.7013888888888888,
        "auc_pr": 0.7602392977392979,
        "eer": 0.33333333333333337
      }
    },
    "test_default_threshold_metrics": {
      "accuracy": 0.5833333333333334,
      "precision_lie": 0.7142857142857143,
      "recall_lie": 0.38461538461538464,
      "f1_lie": 0.5,
      "macro_f1": 0.5714285714285714,
      "confusion_matrix": [
        [
          9,
          2
        ],
        [
          8,
          5
        ]
      ],
      "auc_roc": 0.6433566433566434,
      "auc_pr": 0.667012871055759,
      "eer": 0.458041958041958
    },
    "test_tuned_threshold_metrics": {
      "accuracy": 0.5416666666666666,
      "precision_lie": 0.6,
      "recall_lie": 0.46153846153846156,
      "f1_lie": 0.5217391304347826,
      "macro_f1": 0.5408695652173914,
      "confusion_matrix": [
        [
          7,
          4
        ],
        [
          7,
          6
        ]
      ],
      "auc_roc": 0.6433566433566434,
      "auc_pr": 0.667012871055759,
      "eer": 0.458041958041958,
      "bootstrap_95ci": {
        "auc_roc": {
          "low": 0.3777777777777778,
          "high": 0.8671328671328671
        },
        "macro_f1": {
          "low": 0.34375,
          "high": 0.7722960151802657
        },
        "recall_lie": {
          "low": 0.11083333333333334,
          "high": 0.6666666666666666
        }
      }
    }
  },
  "tfidf_linear_svm": {
    "threshold_selection": {
      "threshold": 0.0312067859022423,
      "selection_score": 0.6950998185117967,
      "metrics": {
        "accuracy": 0.7083333333333334,
        "precision_lie": 0.8571428571428571,
        "recall_lie": 0.5,
        "f1_lie": 0.631578947368421,
        "macro_f1": 0.6950998185117967,