fold,method,w_cross_attention_auc,w_gated_prior_kl,w_spatial_only,val_auc_roc,val_balanced_accuracy,test_auc_roc,test_balanced_accuracy,test_f1_lie,test_macro_f1
mean,cross_attention_auc,1.0,0.0,0.0,0.6104013650167497,0.623901098901099,0.6138670969197532,0.5635006105125975,0.4830161176840897,0.5426158171404217
mean,gated_prior_kl,0.0,1.0,0.0,0.6175351429197583,0.6136345136345136,0.6394114060735991,0.5918096384982593,0.5552759639716162,0.5813566263632631
mean,spatial_only,0.0,0.0,1.0,0.6047011677780908,0.6320309320309321,0.6312361540840334,0.5876075187668413,0.4819467507291651,0.557959192404093
mean,ensemble_raw_balanced_accuracy,0.61,0.14666666666666667,0.24333333333333332,0.6291259666259666,0.6672771672771672,0.6385764759282392,0.5902672440860554,0.502537127192557,0.5653906470979772
mean,ensemble_raw_auc_roc,0.6166666666666667,0.09333333333333334,0.29,0.637353714661407,0.6412800162800164,0.6395638324305769,0.5826484690112563,0.4537277929550529,0.5463874436665198
mean,ensemble_logit_balanced_accuracy,0.6066666666666667,0.14666666666666667,0.24666666666666667,0.6284623211546289,0.6672771672771672,0.6387895389434203,0.5874160924836397,0.5002362422368049,0.562701290290489
mean,ensemble_logit_auc_roc,0.5966666666666667,0.15,0.25333333333333335,0.6375417175417176,0.6383394383394383,0.64319199870472,0.5852631199944555,0.4539963000354985,0.548677389470766
