{
  "accuracy": 0.6136363636363636,
  "balanced_accuracy": 0.5662393162393162,
  "precision_lie": 0.6323529411764706,
  "recall_lie": 0.8269230769230769,
  "f1_lie": 0.7166666666666667,
  "macro_f1": 0.5547619047619048,
  "confusion_matrix": [
    [
      11,
      25
    ],
    [
      9,
      43
    ]
  ],
  "threshold": 0.5,
  "auc_roc": 0.5817307692307693,
  "auc_pr": 0.6447385968323771
}