{
  "accuracy": 0.6307692307692307,
  "balanced_accuracy": 0.6217948717948718,
  "precision_lie": 0.7027027027027027,
  "recall_lie": 0.6666666666666666,
  "f1_lie": 0.6842105263157895,
  "macro_f1": 0.6198830409356726,
  "confusion_matrix": [
    [
      30,
      22
    ],
    [
      26,
      52
    ]
  ],
  "threshold": 0.49590177834033966,
  "auc_roc": 0.6466962524654831,
  "auc_pr": 0.732018832984604
}