{
  "accuracy": 0.6260869565217392,
  "balanced_accuracy": 0.6293650793650793,
  "precision_lie": 0.7288135593220338,
  "recall_lie": 0.6142857142857143,
  "f1_lie": 0.6666666666666666,
  "macro_f1": 0.6204620462046204,
  "confusion_matrix": [
    [
      29,
      16
    ],
    [
      27,
      43
    ]
  ],
  "threshold": 0.5139301737149556,
  "auc_roc": 0.6365079365079366,
  "auc_pr": 0.7579800087669994
}