{
  "accuracy": 0.49230769230769234,
  "balanced_accuracy": 0.5673076923076923,
  "precision_lie": 0.8333333333333334,
  "recall_lie": 0.19230769230769232,
  "f1_lie": 0.3125,
  "macro_f1": 0.45503048780487804,
  "confusion_matrix": [
    [
      49,
      3
    ],
    [
      63,
      15
    ]
  ],
  "threshold": 0.5,
  "auc_roc": 0.6466962524654831,
  "auc_pr": 0.732018832984604
}