{
  "accuracy": 0.6477272727272727,
  "balanced_accuracy": 0.625,
  "precision_lie": 0.6842105263157895,
  "recall_lie": 0.75,
  "f1_lie": 0.7155963302752294,
  "macro_f1": 0.6264548815555251,
  "confusion_matrix": [
    [
      18,
      18
    ],
    [
      13,
      39
    ]
  ],
  "threshold": 0.5120029257876533,
  "auc_roc": 0.5817307692307693,
  "auc_pr": 0.6447385968323771
}