{
  "accuracy": 0.6260869565217392,
  "balanced_accuracy": 0.5301587301587302,
  "precision_lie": 0.6238532110091743,
  "recall_lie": 0.9714285714285714,
  "f1_lie": 0.7597765363128491,
  "macro_f1": 0.4583196407054442,
  "confusion_matrix": [
    [
      4,
      41
    ],
    [
      2,
      68
    ]
  ],
  "threshold": 0.5,
  "auc_roc": 0.6365079365079366,
  "auc_pr": 0.7579800087669994
}