{
  "experiment": "baseline_frame_resnet18",
  "seed": 42,
  "device": "cuda",
  "best_epoch": 1,
  "best_val_auc_roc": 0.3819444444444444,
  "test_metrics": {
    "accuracy": 0.6666666666666666,
    "precision_lie": 0.6666666666666666,
    "recall_lie": 0.7692307692307693,
    "f1_lie": 0.7142857142857143,
    "macro_f1": 0.6571428571428571,
    "confusion_matrix": [
      [
        6,
        5
      ],
      [
        3,
        10
      ]
    ],
    "auc_roc": 0.7202797202797203,
    "auc_pr": 0.7376341408849149,
    "eer": 0.2902097902097902,
    "bootstrap_95ci": {
      "auc_roc": {
        "low": 0.4666666666666667,
        "high": 0.9244183989385227
      },
      "macro_f1": {
        "low": 0.45739130434782604,
        "high": 0.8321678321678322
      },
      "recall_lie": {
        "low": 0.5,
        "high": 1.0
      }
    }
  },
  "checkpoint": "outputs/checkpoints/baseline_frame_resnet18/best.pt"
}