pattern,count,lie_rate,final_acc,majority_acc,support_acc,support_bonus_acc,static_acc,static_mean_score_lie,flow_acc,flow_mean_score_lie,audio_acc,audio_mean_score_lie,mean_face_valid_ratio
overall,1430,0.527972027972028,0.6454545454545455,0.6013986013986014,0.6020979020979021,0.6013986013986014,0.6447552447552447,0.5673109462248659,0.5377622377622377,0.5294241952622624,0.5335664335664335,0.4876927650878935,0.9740314641166914
all_lie,495,0.6606060606060606,0.6606060606060606,0.6606060606060606,0.6606060606060606,0.6606060606060606,0.6606060606060606,0.7038857411440353,0.6606060606060606,0.5456177265820967,0.6606060606060606,0.5299652342944836,0.9768383738175405
all_truth,15,0.3333333333333333,0.6666666666666666,0.6666666666666666,0.6666666666666666,0.6666666666666666,0.6666666666666666,0.38177036431100636,0.6666666666666666,0.4576340506710703,0.6666666666666666,0.4639185176340361,0.9733531746031746
audio_vs_static_flow,355,0.6140845070422535,0.6309859154929578,0.6366197183098592,0.6394366197183099,0.6366197183098592,0.6366197183098592,0.7705868263443076,0.6366197183098592,0.5255730273608071,0.36338028169014086,0.4349823397168131,0.9782415325285042
flow_vs_static_audio,225,0.32,0.7022222222222222,0.7022222222222222,0.7022222222222222,0.7022222222222222,0.7022222222222222,0.3285571823415305,0.29777777777777775,0.5170609028357783,0.7022222222222222,0.43276688961015736,0.9752758537758538
static_vs_flow_audio,340,0.3911764705882353,0.6,0.4088235294117647,0.4088235294117647,0.4088235294117647,0.5911764705882353,0.3224146070338887,0.4088235294117647,0.5212181939873375,0.4088235294117647,0.518581778157805,0.9647555584733895
