{
  "accuracy": 0.625,
  "balanced_accuracy": 0.6399572649572649,
  "precision_lie": 0.7435897435897436,
  "recall_lie": 0.5576923076923077,
  "f1_lie": 0.6373626373626373,
  "macro_f1": 0.6245636716224952,
  "confusion_matrix": [
    [
      26,
      10
    ],
    [
      23,
      29
    ]
  ],
  "threshold": 0.4948515754843515,
  "auc_roc": 0.6356837606837606,
  "auc_pr": 0.73450420276621
}