{
  "accuracy": 0.42045454545454547,
  "balanced_accuracy": 0.5096153846153846,
  "precision_lie": 1.0,
  "recall_lie": 0.019230769230769232,
  "f1_lie": 0.03773584905660377,
  "macro_f1": 0.31155085135757016,
  "confusion_matrix": [
    [
      36,
      0
    ],
    [
      51,
      1
    ]
  ],
  "threshold": 0.5,
  "auc_roc": 0.6356837606837606,
  "auc_pr": 0.73450420276621
}