{
  "accuracy": 0.6695652173913044,
  "balanced_accuracy": 0.6650793650793652,
  "precision_lie": 0.75,
  "recall_lie": 0.6857142857142857,
  "f1_lie": 0.7164179104477612,
  "macro_f1": 0.6602922885572139,
  "confusion_matrix": [
    [
      29,
      16
    ],
    [
      22,
      48
    ]
  ],
  "threshold": 0.5158035904169083,
  "auc_roc": 0.6933333333333334,
  "auc_pr": 0.7594383084125107
}