{
  "accuracy": 0.6,
  "balanced_accuracy": 0.608974358974359,
  "precision_lie": 0.7096774193548387,
  "recall_lie": 0.5641025641025641,
  "f1_lie": 0.6285714285714286,
  "macro_f1": 0.5976190476190476,
  "confusion_matrix": [
    [
      34,
      18
    ],
    [
      34,
      44
    ]
  ],
  "threshold": 0.5191851839423179,
  "auc_roc": 0.5782790927021696,
  "auc_pr": 0.701859097118783
}