{
  "accuracy": 0.6704545454545454,
  "balanced_accuracy": 0.657051282051282,
  "precision_lie": 0.7169811320754716,
  "recall_lie": 0.7307692307692307,
  "f1_lie": 0.7238095238095238,
  "macro_f1": 0.6576794097920858,
  "confusion_matrix": [
    [
      21,
      15
    ],
    [
      14,
      38
    ]
  ],
  "threshold": 0.5270727244871003,
  "auc_roc": 0.6383547008547008,
  "auc_pr": 0.7104049404829791
}