group,experiment,method,num_runs,folds,seeds,auc_roc_mean,auc_roc_std,auc_roc_paper,balanced_accuracy_at_0p5_mean,balanced_accuracy_at_0p5_std,balanced_accuracy_at_0p5_paper,calibrated_balanced_accuracy_mean,calibrated_balanced_accuracy_std,calibrated_balanced_accuracy_paper,calibrated_f1_lie_mean,calibrated_f1_lie_std,calibrated_f1_lie_paper,calibrated_macro_f1_mean,calibrated_macro_f1_std,calibrated_macro_f1_paper
single_stream,static_only,Static only,2,"fold1,fold2",42,0.6631876312713583,0.0006859508905071333,66.32 +- 0.07,0.6092206166005254,0.013240079000981094,60.92 +- 1.32,0.6140143174968162,0.023319682486608997,61.40 +- 2.33,0.5739179510743075,0.07408619460264806,57.39 +- 7.41,0.6037818433909494,0.035121251316843176,60.38 +- 3.51
single_stream,flow_only,Flow only,2,"fold1,fold2",42,0.5789628533895954,0.05271548151004091,57.90 +- 5.27,0.5010513252344826,0.0009009702555811349,50.11 +- 0.09,0.5606451798928012,0.04425199903029803,56.06 +- 4.43,0.5393246187363835,0.10799168924003702,53.93 +- 10.80,0.5535238387258089,0.05439103218265155,55.35 +- 5.44
single_stream,audio_only,Audio only,2,"fold1,fold2",42,0.5871706480290964,0.031148828472369598,58.72 +- 3.11,0.5208736865561632,0.029519850624450825,52.09 +- 2.95,0.5709868709087677,0.021351816726111625,57.10 +- 2.14,0.5661782598115896,0.02700166159604487,56.62 +- 2.70,0.5672359505570402,0.016017319675707842,56.72 +- 1.60
prior_kl,gated_no_prior,Gated prior-init w/o Prior-KL,9,"fold1,fold2,fold3","42,123,2025",0.6419609867060031,0.04195259901298868,64.20 +- 4.20,0.5723474145956085,0.0668449946035019,57.23 +- 6.68,0.5926932845447801,0.03620776507498499,59.27 +- 3.62,0.5275001635471264,0.11445930797234881,52.75 +- 11.45,0.571762230632152,0.04927743795525244,57.18 +- 4.93
prior_kl,gated_neutral_no_prior,Gated neutral no-prior,9,"fold1,fold2,fold3","42,123,2025",0.6189855914227541,0.033110912549442456,61.90 +- 3.31,0.5627412988078402,0.05260345466893027,56.27 +- 5.26,0.5733857043741752,0.028457485953361308,57.34 +- 2.85,0.5177638483368789,0.1267494837805488,51.78 +- 12.67,0.5515669810760837,0.05095846433657035,55.16 +- 5.10
prior_kl,gated_prior_kl,Gated Prior-KL,9,"fold1,fold2,fold3","42,123,2025",0.6415617308929027,0.0456107227695411,64.16 +- 4.56,0.5794148155520727,0.056091636921931,57.94 +- 5.61,0.589552810263981,0.041619905716917066,58.96 +- 4.16,0.5673882841053511,0.10674149308443566,56.74 +- 10.67,0.5744593869406709,0.051491818253968896,57.45 +- 5.15
