{
  "accuracy": 0.49230769230769234,
  "balanced_accuracy": 0.5064102564102564,
  "precision_lie": 0.6071428571428571,
  "recall_lie": 0.4358974358974359,
  "f1_lie": 0.5074626865671642,
  "macro_f1": 0.4918265813788202,
  "confusion_matrix": [
    [
      30,
      22
    ],
    [
      44,
      34
    ]
  ],
  "threshold": 0.5,
  "auc_roc": 0.5576923076923077,
  "auc_pr": 0.6987199413128854
}