clip_suspect_contamination,n,accuracy,balanced_accuracy,f1_lie,auc_roc,error_rate,mean_score_lie
False,180,0.6,0.6007085020242915,0.6326530612244898,0.6107034412955464,0.4,0.49608628487528533
True,1250,0.5736,0.575894540055238,0.5598678777869529,0.6146393502740102,0.4264,0.4933563942290111
