{
  "accuracy": 0.6136363636363636,
  "balanced_accuracy": 0.6217948717948718,
  "precision_lie": 0.7142857142857143,
  "recall_lie": 0.5769230769230769,
  "f1_lie": 0.6382978723404256,
  "macro_f1": 0.611831862999481,
  "confusion_matrix": [
    [
      24,
      12
    ],
    [
      22,
      30
    ]
  ],
  "threshold": 0.6019741122921307,
  "auc_roc": 0.5811965811965812,
  "auc_pr": 0.6694131637003793
}