{
  "accuracy": 0.4772727272727273,
  "balanced_accuracy": 0.5363247863247863,
  "precision_lie": 0.6875,
  "recall_lie": 0.21153846153846154,
  "f1_lie": 0.3235294117647059,
  "macro_f1": 0.44880174291939,
  "confusion_matrix": [
    [
      31,
      5
    ],
    [
      41,
      11
    ]
  ],
  "threshold": 0.5,
  "auc_roc": 0.592948717948718,
  "auc_pr": 0.6867021209211177
}