{
  "accuracy": 0.591304347826087,
  "balanced_accuracy": 0.6444444444444444,
  "precision_lie": 0.8484848484848485,
  "recall_lie": 0.4,
  "f1_lie": 0.5436893203883495,
  "macro_f1": 0.5868052901154346,
  "confusion_matrix": [
    [
      40,
      5
    ],
    [
      42,
      28
    ]
  ],
  "threshold": 0.546492155960628,
  "auc_roc": 0.6234920634920635,
  "auc_pr": 0.7633988542366421
}