{
  "accuracy": 0.6477272727272727,
  "balanced_accuracy": 0.6292735042735043,
  "precision_lie": 0.6909090909090909,
  "recall_lie": 0.7307692307692307,
  "f1_lie": 0.7102803738317757,
  "macro_f1": 0.6305025057564675,
  "confusion_matrix": [
    [
      19,
      17
    ],
    [
      14,
      38
    ]
  ],
  "threshold": 0.46518746068080263,
  "auc_roc": 0.592948717948718,
  "auc_pr": 0.6867021209211177
}