{
  "fold": "fold2",
  "seed": 2025,
  "best_epoch": 7,
  "best_val_metric_name": "auc_roc",
  "best_val_metric": 0.6333333333333333,
  "best_val_f1_lie": 0.7096774193548387,
  "best_val_auc_roc": 0.6333333333333333,
  "best_val_balanced_accuracy": 0.5595238095238095,
  "checkpoint": "outputs/checkpoints/paper_gated_prior_kl/fold2_seed2025_best.pt",
  "loss_name": "ce",
  "label_imbalance": 0.03846153989434242,
  "threshold_calibration": {
    "threshold": 0.5341214120388031,
    "metric": "balanced_accuracy",
    "metric_value": 0.6714285714285715
  },
  "test_metrics_calibrated_threshold": {
    "accuracy": 0.6514522821576764,
    "balanced_accuracy": 0.6547284118956798,
    "precision_lie": 0.6995305164319249,
    "recall_lie": 0.5889328063241107,
    "f1_lie": 0.6394849785407726,
    "macro_f1": 0.6510677904752056,
    "confusion_matrix": [
      [
        165,
        64
      ],
      [
        104,
        149
      ]
    ],
    "threshold": 0.5341214120388031,
    "auc_roc": 0.6844158309888326,
    "auc_pr": 0.6972056974116192
  },
  "test_metrics": {
    "accuracy": 0.6244813278008299,
    "balanced_accuracy": 0.6118456254207156,
    "precision_lie": 0.5983606557377049,
    "recall_lie": 0.8656126482213439,
    "f1_lie": 0.7075928917609047,
    "macro_f1": 0.5914776053007422,
    "confusion_matrix": [
      [
        82,
        147
      ],
      [
        34,
        219
      ]
    ],
    "threshold": 0.5,
    "auc_roc": 0.6844158309888326,
    "auc_pr": 0.6972056974116192,
    "bootstrap_95ci": {
      "accuracy": {
        "low": 0.5850103734439834,
        "high": 0.6680497925311203
      },
      "f1_lie": {
        "low": 0.6699881859629273,
        "high": 0.747147003062942
      },
      "auc_roc": {
        "low": 0.6385970353765077,
        "high": 0.7334679162637715
      }
    },
    "calibrated_threshold_metrics": {
      "accuracy": 0.6514522821576764,
      "balanced_accuracy": 0.6547284118956798,
      "precision_lie": 0.6995305164319249,
      "recall_lie": 0.5889328063241107,
      "f1_lie": 0.6394849785407726,
      "macro_f1": 0.6510677904752056,
      "confusion_matrix": [
        [
          165,
          64
        ],
        [
          104,
          149
        ]
      ],
      "threshold": 0.5341214120388031,
      "auc_roc": 0.6844158309888326,
      "auc_pr": 0.6972056974116192
    },
    "threshold_calibration": {
      "threshold": 0.5341214120388031,
      "metric": "balanced_accuracy",
      "metric_value": 0.6714285714285715
    },
    "val_metrics_default_threshold": {
      "accuracy": 0.6086956521739131,
      "balanced_accuracy": 0.5595238095238095,
      "precision_lie": 0.6470588235294118,
      "recall_lie": 0.7857142857142857,
      "f1_lie": 0.7096774193548387,
      "macro_f1": 0.5548387096774194,
      "confusion_matrix": [
        [
          15,
          30
        ],
        [
          15,
          55
        ]
      ],
      "threshold": 0.5,
      "auc_roc": 0.6333333333333333,
      "auc_pr": 0.739696574968765
    },
    "val_metrics_calibrated_threshold": {
      "accuracy": 0.6434782608695652,
      "balanced_accuracy": 0.6714285714285715,
      "precision_lie": 0.8085106382978723,
      "recall_lie": 0.5428571428571428,
      "f1_lie": 0.6495726495726496,
      "macro_f1": 0.643370395582785,
      "confusion_matrix": [
        [
          36,
          9
        ],
        [
          32,
          38
        ]
      ],
      "threshold": 0.5341214120388031,
      "auc_roc": 0.6333333333333333,
      "auc_pr": 0.739696574968765
    }
  }
}