{
  "accuracy": 0.6136363636363636,
  "balanced_accuracy": 0.5491452991452992,
  "precision_lie": 0.618421052631579,
  "recall_lie": 0.9038461538461539,
  "f1_lie": 0.734375,
  "macro_f1": 0.5130208333333334,
  "confusion_matrix": [
    [
      7,
      29
    ],
    [
      5,
      47
    ]
  ],
  "threshold": 0.5,
  "auc_roc": 0.5710470085470085,
  "auc_pr": 0.6762139757804433
}