{
  "accuracy": 0.6307692307692307,
  "balanced_accuracy": 0.5961538461538461,
  "precision_lie": 0.6666666666666666,
  "recall_lie": 0.7692307692307693,
  "f1_lie": 0.7142857142857143,
  "macro_f1": 0.5962732919254659,
  "confusion_matrix": [
    [
      22,
      30
    ],
    [
      18,
      60
    ]
  ],
  "threshold": 0.48932561948895453,
  "auc_roc": 0.6094674556213018,
  "auc_pr": 0.692964761909253
}