{
  "accuracy": 0.5568181818181818,
  "balanced_accuracy": 0.5908119658119658,
  "precision_lie": 0.7241379310344828,
  "recall_lie": 0.40384615384615385,
  "f1_lie": 0.5185185185185185,
  "macro_f1": 0.5539961013645224,
  "confusion_matrix": [
    [
      28,
      8
    ],
    [
      31,
      21
    ]
  ],
  "threshold": 0.5308023641506832,
  "auc_roc": 0.5710470085470085,
  "auc_pr": 0.6762139757804433
}