{
  "accuracy": 0.5384615384615384,
  "balanced_accuracy": 0.5801282051282051,
  "precision_lie": 0.725,
  "recall_lie": 0.3717948717948718,
  "f1_lie": 0.4915254237288136,
  "macro_f1": 0.534495106230604,
  "confusion_matrix": [
    [
      41,
      11
    ],
    [
      49,
      29
    ]
  ],
  "threshold": 0.5617849417030811,
  "auc_roc": 0.5485700197238659,
  "auc_pr": 0.6558858165375134
}