{
  "accuracy": 0.5681818181818182,
  "balanced_accuracy": 0.5491452991452992,
  "precision_lie": 0.6296296296296297,
  "recall_lie": 0.6538461538461539,
  "f1_lie": 0.6415094339622641,
  "macro_f1": 0.5493261455525607,
  "confusion_matrix": [
    [
      16,
      20
    ],
    [
      18,
      34
    ]
  ],
  "threshold": 0.5,
  "auc_roc": 0.5811965811965812,
  "auc_pr": 0.6694131637003793
}