{
  "accuracy": 0.6086956521739131,
  "balanced_accuracy": 0.5595238095238095,
  "precision_lie": 0.6470588235294118,
  "recall_lie": 0.7857142857142857,
  "f1_lie": 0.7096774193548387,
  "macro_f1": 0.5548387096774194,
  "confusion_matrix": [
    [
      15,
      30
    ],
    [
      15,
      55
    ]
  ],
  "threshold": 0.5,
  "auc_roc": 0.6333333333333333,
  "auc_pr": 0.739696574968765
}