{
  "accuracy": 0.5615384615384615,
  "balanced_accuracy": 0.5416666666666667,
  "precision_lie": 0.6329113924050633,
  "recall_lie": 0.6410256410256411,
  "f1_lie": 0.6369426751592356,
  "macro_f1": 0.5417723084534043,
  "confusion_matrix": [
    [
      23,
      29
    ],
    [
      28,
      50
    ]
  ],
  "threshold": 0.5,
  "auc_roc": 0.5890039447731755,
  "auc_pr": 0.6818547517452324
}