{
  "accuracy": 0.6434782608695652,
  "balanced_accuracy": 0.6714285714285715,
  "precision_lie": 0.8085106382978723,
  "recall_lie": 0.5428571428571428,
  "f1_lie": 0.6495726495726496,
  "macro_f1": 0.643370395582785,
  "confusion_matrix": [
    [
      36,
      9
    ],
    [
      32,
      38
    ]
  ],
  "threshold": 0.5341214120388031,
  "auc_roc": 0.6333333333333333,
  "auc_pr": 0.739696574968765
}