{
  "accuracy": 0.6538461538461539,
  "balanced_accuracy": 0.5897435897435898,
  "precision_lie": 0.6513761467889908,
  "recall_lie": 0.9102564102564102,
  "f1_lie": 0.7593582887700535,
  "macro_f1": 0.571459966302835,
  "confusion_matrix": [
    [
      14,
      38
    ],
    [
      7,
      71
    ]
  ],
  "threshold": 0.4816991530358791,
  "auc_roc": 0.5890039447731755,
  "auc_pr": 0.6818547517452324
}