{
  "accuracy": 0.6,
  "balanced_accuracy": 0.584126984126984,
  "precision_lie": 0.6764705882352942,
  "recall_lie": 0.6571428571428571,
  "f1_lie": 0.6666666666666666,
  "macro_f1": 0.5833333333333333,
  "confusion_matrix": [
    [
      23,
      22
    ],
    [
      24,
      46
    ]
  ],
  "threshold": 0.5,
  "auc_roc": 0.6476190476190475,
  "auc_pr": 0.7703512638819727
}