{
  "accuracy": 0.5769230769230769,
  "balanced_accuracy": 0.5608974358974359,
  "precision_lie": 0.6493506493506493,
  "recall_lie": 0.6410256410256411,
  "f1_lie": 0.6451612903225806,
  "macro_f1": 0.5606758832565284,
  "confusion_matrix": [
    [
      25,
      27
    ],
    [
      28,
      50
    ]
  ],
  "threshold": 0.5,
  "auc_roc": 0.6094674556213018,
  "auc_pr": 0.692964761909253
}