fold,method,w_cross_attention_auc,w_gated_prior_kl,val_auc_roc,val_balanced_accuracy,test_auc_roc,test_balanced_accuracy,test_f1_lie,test_macro_f1
mean,cross_attention_auc,1.0,0.0,0.6104013650167497,0.623901098901099,0.6138670969197532,0.5635006105125975,0.4830161176840897,0.5426158171404217
mean,gated_prior_kl,0.0,1.0,0.6175351429197583,0.6136345136345136,0.6394114060735991,0.5918096384982593,0.5552759639716162,0.5813566263632631
mean,ensemble_raw_balanced_accuracy,0.7566666666666667,0.24333333333333332,0.6257812059735137,0.6480870980870982,0.6486536904508475,0.6008272506908514,0.5861920284900536,0.5891293290107694
mean,ensemble_raw_auc_roc,0.61,0.38999999999999996,0.6346416831032214,0.6319291819291819,0.6505471758682931,0.60166730724013,0.5495284902800974,0.5890511380374409
mean,ensemble_logit_balanced_accuracy,0.7600000000000001,0.24,0.6260650887573964,0.6480870980870982,0.6486734842233954,0.6000930363002493,0.5857781334420121,0.5884767852964716
mean,ensemble_logit_auc_roc,0.61,0.38999999999999996,0.6347475032090416,0.6319291819291819,0.6505414224924998,0.60166730724013,0.5495284902800974,0.5890511380374409
