{
  "accuracy": 0.6461538461538462,
  "balanced_accuracy": 0.6314102564102564,
  "precision_lie": 0.7051282051282052,
  "recall_lie": 0.7051282051282052,
  "f1_lie": 0.7051282051282052,
  "macro_f1": 0.6314102564102564,
  "confusion_matrix": [
    [
      29,
      23
    ],
    [
      23,
      55
    ]
  ],
  "threshold": 0.6494749486446381,
  "auc_roc": 0.6565581854043392,
  "auc_pr": 0.7365654948687327
}