{
  "accuracy": 0.5826086956521739,
  "balanced_accuracy": 0.5976190476190476,
  "precision_lie": 0.7115384615384616,
  "recall_lie": 0.5285714285714286,
  "f1_lie": 0.6065573770491803,
  "macro_f1": 0.581056466302368,
  "confusion_matrix": [
    [
      30,
      15
    ],
    [
      33,
      37
    ]
  ],
  "threshold": 0.5,
  "auc_roc": 0.6631746031746031,
  "auc_pr": 0.7641584290645755
}