{
  "accuracy": 0.45454545454545453,
  "balanced_accuracy": 0.5299145299145299,
  "precision_lie": 0.75,
  "recall_lie": 0.11538461538461539,
  "f1_lie": 0.2,
  "macro_f1": 0.3931034482758621,
  "confusion_matrix": [
    [
      34,
      2
    ],
    [
      46,
      6
    ]
  ],
  "threshold": 0.5,
  "auc_roc": 0.6618589743589743,
  "auc_pr": 0.7302994373514043
}