{
  "accuracy": 0.6869565217391305,
  "balanced_accuracy": 0.6238095238095238,
  "precision_lie": 0.6808510638297872,
  "recall_lie": 0.9142857142857143,
  "f1_lie": 0.7804878048780488,
  "macro_f1": 0.6175166297117517,
  "confusion_matrix": [
    [
      15,
      30
    ],
    [
      6,
      64
    ]
  ],
  "threshold": 0.18499158285558223,
  "auc_roc": 0.6631746031746031,
  "auc_pr": 0.7641584290645755
}