{
  "accuracy": 0.6692307692307692,
  "balanced_accuracy": 0.6057692307692308,
  "precision_lie": 0.6605504587155964,
  "recall_lie": 0.9230769230769231,
  "f1_lie": 0.7700534759358288,
  "macro_f1": 0.5905061900227089,
  "confusion_matrix": [
    [
      15,
      37
    ],
    [
      6,
      72
    ]
  ],
  "threshold": 0.5,
  "auc_roc": 0.6565581854043392,
  "auc_pr": 0.7365654948687327
}