{
  "accuracy": 0.6704545454545454,
  "balanced_accuracy": 0.6655982905982906,
  "precision_lie": 0.7346938775510204,
  "recall_lie": 0.6923076923076923,
  "f1_lie": 0.7128712871287128,
  "macro_f1": 0.6631023102310231,
  "confusion_matrix": [
    [
      23,
      13
    ],
    [
      16,
      36
    ]
  ],
  "threshold": 0.16404240182600915,
  "auc_roc": 0.6618589743589743,
  "auc_pr": 0.7302994373514043
}