model,mean_auc,mean_ba_default,mean_ba_calibrated,mean_f1_default,mean_macro_default,combined_auc,combined_ba_calibrated
cross_attention_auc_baseline,0.6138670969197532,0.5433009978720456,0.5635006105125975,0.5212191856242437,0.4546139193643129,0.5938278145695365,0.56373804267844
gated_logits_prior_kl,0.6394114060735991,0.5754875293024615,0.5918096384982594,0.6745508139825782,0.549087563059246,0.6135060093205789,0.5920480745646308
