{
  "accuracy": 0.6461538461538462,
  "balanced_accuracy": 0.592948717948718,
  "precision_lie": 0.6568627450980392,
  "recall_lie": 0.8589743589743589,
  "f1_lie": 0.7444444444444445,
  "macro_f1": 0.5847222222222223,
  "confusion_matrix": [
    [
      17,
      35
    ],
    [
      11,
      67
    ]
  ],
  "threshold": 0.5054704092797779,
  "auc_roc": 0.5848126232741618,
  "auc_pr": 0.6682705939655329
}