{
  "accuracy": 0.6,
  "balanced_accuracy": 0.5032051282051282,
  "precision_lie": 0.6015625,
  "recall_lie": 0.9871794871794872,
  "f1_lie": 0.7475728155339806,
  "macro_f1": 0.39230492628550884,
  "confusion_matrix": [
    [
      1,
      51
    ],
    [
      1,
      77
    ]
  ],
  "threshold": 0.5,
  "auc_roc": 0.5848126232741618,
  "auc_pr": 0.6682705939655329
}