{
  "accuracy": 0.4318181818181818,
  "balanced_accuracy": 0.5192307692307693,
  "precision_lie": 1.0,
  "recall_lie": 0.038461538461538464,
  "f1_lie": 0.07407407407407407,
  "macro_f1": 0.3321190042501518,
  "confusion_matrix": [
    [
      36,
      0
    ],
    [
      50,
      2
    ]
  ],
  "threshold": 0.5,
  "auc_roc": 0.6020299145299145,
  "auc_pr": 0.7090198769007499
}