{
  "fold": "fold3",
  "seed": 42,
  "best_epoch": 17,
  "best_val_metric_name": "auc_roc",
  "best_val_metric": 0.6282051282051282,
  "best_val_f1_lie": 0.0,
  "best_val_auc_roc": 0.6282051282051282,
  "best_val_balanced_accuracy": 0.5,
  "checkpoint": "outputs/checkpoints/paper_gated_vote_score_sum_g05_floor005_focal/fold3_seed42_best.pt",
  "loss_name": "focal",
  "label_imbalance": 0.034730538725852966,
  "threshold_calibration": {
    "threshold": 0.32564129134019215,
    "metric": "balanced_accuracy",
    "metric_value": 0.6217948717948718
  },
  "test_metrics_calibrated_threshold": {
    "accuracy": 0.5969827586206896,
    "balanced_accuracy": 0.6077066443015562,
    "precision_lie": 0.6986301369863014,
    "recall_lie": 0.4163265306122449,
    "f1_lie": 0.5217391304347826,
    "macro_f1": 0.58675410897903,
    "confusion_matrix": [
      [
        175,
        44
      ],
      [
        143,
        102
      ]
    ],
    "threshold": 0.32564129134019215,
    "auc_roc": 0.6281986767309664,
    "auc_pr": 0.6739542124057878
  },
  "test_metrics": {
    "accuracy": 0.47198275862068967,
    "balanced_accuracy": 0.5,
    "precision_lie": 0.0,
    "recall_lie": 0.0,
    "f1_lie": 0.0,
    "macro_f1": 0.3206442166910688,
    "confusion_matrix": [
      [
        219,
        0
      ],
      [
        245,
        0
      ]
    ],
    "threshold": 0.5,
    "auc_roc": 0.6281986767309664,
    "auc_pr": 0.6739542124057878,
    "bootstrap_95ci": {
      "accuracy": {
        "low": 0.42451508620689654,
        "high": 0.5193965517241379
      },
      "f1_lie": {
        "low": 0.0,
        "high": 0.0
      },
      "auc_roc": {
        "low": 0.5796892138966991,
        "high": 0.6764250389540919
      }
    },
    "calibrated_threshold_metrics": {
      "accuracy": 0.5969827586206896,
      "balanced_accuracy": 0.6077066443015562,
      "precision_lie": 0.6986301369863014,
      "recall_lie": 0.4163265306122449,
      "f1_lie": 0.5217391304347826,
      "macro_f1": 0.58675410897903,
      "confusion_matrix": [
        [
          175,
          44
        ],
        [
          143,
          102
        ]
      ],
      "threshold": 0.32564129134019215,
      "auc_roc": 0.6281986767309664,
      "auc_pr": 0.6739542124057878
    },
    "threshold_calibration": {
      "threshold": 0.32564129134019215,
      "metric": "balanced_accuracy",
      "metric_value": 0.6217948717948718
    },
    "val_metrics_default_threshold": {
      "accuracy": 0.4,
      "balanced_accuracy": 0.5,
      "precision_lie": 0.0,
      "recall_lie": 0.0,
      "f1_lie": 0.0,
      "macro_f1": 0.2857142857142857,
      "confusion_matrix": [
        [
          52,
          0
        ],
        [
          78,
          0
        ]
      ],
      "threshold": 0.5,
      "auc_roc": 0.6282051282051282,
      "auc_pr": 0.7291941993204043
    },
    "val_metrics_calibrated_threshold": {
      "accuracy": 0.5846153846153846,
      "balanced_accuracy": 0.6217948717948718,
      "precision_lie": 0.7727272727272727,
      "recall_lie": 0.4358974358974359,
      "f1_lie": 0.5573770491803278,
      "macro_f1": 0.5830363506771205,
      "confusion_matrix": [
        [
          42,
          10
        ],
        [
          44,
          34
        ]
      ],
      "threshold": 0.32564129134019215,
      "auc_roc": 0.6282051282051282,
      "auc_pr": 0.7291941993204043
    }
  }
}