{
  "accuracy": 0.7130434782608696,
  "balanced_accuracy": 0.676984126984127,
  "precision_lie": 0.7283950617283951,
  "recall_lie": 0.8428571428571429,
  "f1_lie": 0.7814569536423841,
  "macro_f1": 0.6818677173275212,
  "confusion_matrix": [
    [
      23,
      22
    ],
    [
      11,
      59
    ]
  ],
  "threshold": 0.5128542669117451,
  "auc_roc": 0.7038095238095239,
  "auc_pr": 0.7790993316692053
}