{
  "accuracy": 0.5846153846153846,
  "balanced_accuracy": 0.6217948717948718,
  "precision_lie": 0.7727272727272727,
  "recall_lie": 0.4358974358974359,
  "f1_lie": 0.5573770491803278,
  "macro_f1": 0.5830363506771205,
  "confusion_matrix": [
    [
      42,
      10
    ],
    [
      44,
      34
    ]
  ],
  "threshold": 0.32564129134019215,
  "auc_roc": 0.6282051282051282,
  "auc_pr": 0.7291941993204043
}