{
  "accuracy": 0.625,
  "balanced_accuracy": 0.6271367521367521,
  "precision_lie": 0.7111111111111111,
  "recall_lie": 0.6153846153846154,
  "f1_lie": 0.6597938144329897,
  "macro_f1": 0.6210361477228239,
  "confusion_matrix": [
    [
      23,
      13
    ],
    [
      20,
      32
    ]
  ],
  "threshold": 0.2833535925795635,
  "auc_roc": 0.6020299145299145,
  "auc_pr": 0.7090198769007499
}