{
  "accuracy": 0.7043478260869566,
  "balanced_accuracy": 0.6579365079365079,
  "precision_lie": 0.7093023255813954,
  "recall_lie": 0.8714285714285714,
  "f1_lie": 0.782051282051282,
  "macro_f1": 0.6612959112959114,
  "confusion_matrix": [
    [
      20,
      25
    ],
    [
      9,
      61
    ]
  ],
  "threshold": 0.5,
  "auc_roc": 0.7038095238095239,
  "auc_pr": 0.7790993316692053
}