{
  "accuracy": 0.6076923076923076,
  "balanced_accuracy": 0.5096153846153846,
  "precision_lie": 0.6046511627906976,
  "recall_lie": 1.0,
  "f1_lie": 0.7536231884057971,
  "macro_f1": 0.39567951873120044,
  "confusion_matrix": [
    [
      1,
      51
    ],
    [
      0,
      78
    ]
  ],
  "threshold": 0.5171967387199402,
  "auc_roc": 0.5096153846153846,
  "auc_pr": 0.6046511627906976
}