{
  "accuracy": 0.676923076923077,
  "balanced_accuracy": 0.625,
  "precision_lie": 0.6764705882352942,
  "recall_lie": 0.8846153846153846,
  "f1_lie": 0.7666666666666667,
  "macro_f1": 0.6208333333333333,
  "confusion_matrix": [
    [
      19,
      33
    ],
    [
      9,
      69
    ]
  ],
  "threshold": 0.5208809494972229,
  "auc_roc": 0.6120562130177516,
  "auc_pr": 0.6488369574045578
}