{
  "accuracy": 0.5280172413793104,
  "balanced_accuracy": 0.5,
  "precision_lie": 0.5280172413793104,
  "recall_lie": 1.0,
  "f1_lie": 0.691114245416079,
  "macro_f1": 0.3455571227080395,
  "confusion_matrix": [
    [
      0,
      219
    ],
    [
      0,
      245
    ]
  ],
  "threshold": 0.5,
  "auc_roc": 0.4528468921815301,
  "auc_pr": 0.4976549951105017,
  "bootstrap_95ci": {
    "accuracy": {
      "low": 0.48060344827586204,
      "high": 0.5754849137931034
    },
    "f1_lie": {
      "low": 0.6491994177583698,
      "high": 0.7305495129809453
    },
    "auc_roc": {
      "low": 0.39742429831298676,
      "high": 0.5058031145541014
    }
  },
  "calibrated_threshold_metrics": {
    "accuracy": 0.47413793103448276,
    "balanced_accuracy": 0.4632746249184605,
    "precision_lie": 0.5015576323987538,
    "recall_lie": 0.6571428571428571,
    "f1_lie": 0.568904593639576,
    "macro_f1": 0.4474357222341526,
    "confusion_matrix": [
      [
        59,
        160
      ],
      [
        84,
        161
      ]
    ],
    "threshold": 0.5208809494972229,
    "auc_roc": 0.4528468921815301,
    "auc_pr": 0.4976549951105017
  },
  "threshold_calibration": {
    "threshold": 0.5208809494972229,
    "metric": "balanced_accuracy",
    "metric_value": 0.625
  },
  "val_metrics_default_threshold": {
    "accuracy": 0.6,
    "balanced_accuracy": 0.5,
    "precision_lie": 0.6,
    "recall_lie": 1.0,
    "f1_lie": 0.75,
    "macro_f1": 0.375,
    "confusion_matrix": [
      [
        0,
        52
      ],
      [
        0,
        78
      ]
    ],
    "threshold": 0.5,
    "auc_roc": 0.6120562130177516,
    "auc_pr": 0.6488369574045578
  },
  "val_metrics_calibrated_threshold": {
    "accuracy": 0.676923076923077,
    "balanced_accuracy": 0.625,
    "precision_lie": 0.6764705882352942,
    "recall_lie": 0.8846153846153846,
    "f1_lie": 0.7666666666666667,
    "macro_f1": 0.6208333333333333,
    "confusion_matrix": [
      [
        19,
        33
      ],
      [
        9,
        69
      ]
    ],
    "threshold": 0.5208809494972229,
    "auc_roc": 0.6120562130177516,
    "auc_pr": 0.6488369574045578
  }
}