{
  "accuracy": 0.5454545454545454,
  "balanced_accuracy": 0.6111111111111112,
  "precision_lie": 0.9285714285714286,
  "recall_lie": 0.25,
  "f1_lie": 0.3939393939393939,
  "macro_f1": 0.5151515151515151,
  "confusion_matrix": [
    [
      35,
      1
    ],
    [
      39,
      13
    ]
  ],
  "threshold": 0.6039082467556,
  "auc_roc": 0.6041666666666666,
  "auc_pr": 0.719468185612649
}