{
  "accuracy": 0.4076923076923077,
  "balanced_accuracy": 0.5064102564102564,
  "precision_lie": 1.0,
  "recall_lie": 0.01282051282051282,
  "f1_lie": 0.02531645569620253,
  "macro_f1": 0.2999510455276593,
  "confusion_matrix": [
    [
      52,
      0
    ],
    [
      77,
      1
    ]
  ],
  "threshold": 0.5,
  "auc_roc": 0.5742110453648915,
  "auc_pr": 0.6733458234753902
}