{
  "accuracy": 0.5615384615384615,
  "balanced_accuracy": 0.592948717948718,
  "precision_lie": 0.723404255319149,
  "recall_lie": 0.4358974358974359,
  "f1_lie": 0.544,
  "macro_f1": 0.5608888888888889,
  "confusion_matrix": [
    [
      39,
      13
    ],
    [
      44,
      34
    ]
  ],
  "threshold": 0.5043040856719017,
  "auc_roc": 0.5897435897435898,
  "auc_pr": 0.692224446355767
}