{
  "accuracy": 0.5681818181818182,
  "balanced_accuracy": 0.6217948717948718,
  "precision_lie": 0.85,
  "recall_lie": 0.3269230769230769,
  "f1_lie": 0.4722222222222222,
  "macro_f1": 0.5534188034188035,
  "confusion_matrix": [
    [
      33,
      3
    ],
    [
      35,
      17
    ]
  ],
  "threshold": 0.6475992184132338,
  "auc_roc": 0.6282051282051282,
  "auc_pr": 0.7291489051888245
}