{
  "accuracy": 0.6514522821576764,
  "balanced_accuracy": 0.6445794569963926,
  "precision_lie": 0.6366559485530546,
  "recall_lie": 0.782608695652174,
  "f1_lie": 0.7021276595744681,
  "macro_f1": 0.641063829787234,
  "confusion_matrix": [
    [
      116,
      113
    ],
    [
      55,
      198
    ]
  ],
  "threshold": 0.5,
  "auc_roc": 0.6936672592643734,
  "auc_pr": 0.7092578607236679,
  "bootstrap_95ci": {
    "accuracy": {
      "low": 0.6078838174273858,
      "high": 0.6908713692946058
    },
    "f1_lie": {
      "low": 0.657872050816697,
      "high": 0.7416117703258984
    },
    "auc_roc": {
      "low": 0.6439118289443987,
      "high": 0.7377803385528079
    }
  },
  "calibrated_threshold_metrics": {
    "accuracy": 0.6473029045643154,
    "balanced_accuracy": 0.6429052246405578,
    "precision_lie": 0.6445993031358885,
    "recall_lie": 0.7312252964426877,
    "f1_lie": 0.6851851851851852,
    "macro_f1": 0.642120894479385,
    "confusion_matrix": [
      [
        127,
        102
      ],
      [
        68,
        185
      ]
    ],
    "threshold": 0.5578118223283026,
    "auc_roc": 0.6936672592643734,
    "auc_pr": 0.7092578607236679
  },
  "threshold_calibration": {
    "threshold": 0.5578118223283026,
    "metric": "balanced_accuracy",
    "metric_value": 0.6888888888888889
  },
  "val_metrics_default_threshold": {
    "accuracy": 0.7130434782608696,
    "balanced_accuracy": 0.673015873015873,
    "precision_lie": 0.7228915662650602,
    "recall_lie": 0.8571428571428571,
    "f1_lie": 0.7843137254901961,
    "macro_f1": 0.6778711484593838,
    "confusion_matrix": [
      [
        22,
        23
      ],
      [
        10,
        60
      ]
    ],
    "threshold": 0.5,
    "auc_roc": 0.6815873015873015,
    "auc_pr": 0.766040290732646
  },
  "val_metrics_calibrated_threshold": {
    "accuracy": 0.7130434782608696,
    "balanced_accuracy": 0.6888888888888889,
    "precision_lie": 0.7466666666666667,
    "recall_lie": 0.8,
    "f1_lie": 0.7724137931034483,
    "macro_f1": 0.6920892494929006,
    "confusion_matrix": [
      [
        26,
        19
      ],
      [
        14,
        56
      ]
    ],
    "threshold": 0.5578118223283026,
    "auc_roc": 0.6815873015873015,
    "auc_pr": 0.766040290732646
  }
}