{
  "accuracy": 0.6307692307692307,
  "balanced_accuracy": 0.5544871794871795,
  "precision_lie": 0.6293103448275862,
  "recall_lie": 0.9358974358974359,
  "f1_lie": 0.7525773195876289,
  "macro_f1": 0.5126522961574508,
  "confusion_matrix": [
    [
      9,
      43
    ],
    [
      5,
      73
    ]
  ],
  "threshold": 0.5,
  "auc_roc": 0.6646942800788955,
  "auc_pr": 0.7660066406352222
}