{
  "accuracy": 0.5681818181818182,
  "balanced_accuracy": 0.5876068376068376,
  "precision_lie": 0.6944444444444444,
  "recall_lie": 0.4807692307692308,
  "f1_lie": 0.5681818181818182,
  "macro_f1": 0.5681818181818182,
  "confusion_matrix": [
    [
      25,
      11
    ],
    [
      27,
      25
    ]
  ],
  "threshold": 0.5,
  "auc_roc": 0.6282051282051282,
  "auc_pr": 0.7291489051888245
}