{
  "accuracy": 0.6704545454545454,
  "balanced_accuracy": 0.6741452991452992,
  "precision_lie": 0.7555555555555555,
  "recall_lie": 0.6538461538461539,
  "f1_lie": 0.7010309278350515,
  "macro_f1": 0.6669711601200574,
  "confusion_matrix": [
    [
      25,
      11
    ],
    [
      18,
      34
    ]
  ],
  "threshold": 0.52938853080074,
  "auc_roc": 0.638888888888889,
  "auc_pr": 0.7350502237114087
}