{
  "accuracy": 0.625,
  "balanced_accuracy": 0.6143162393162394,
  "precision_lie": 0.6862745098039216,
  "recall_lie": 0.6730769230769231,
  "f1_lie": 0.6796116504854369,
  "macro_f1": 0.6137784279824445,
  "confusion_matrix": [
    [
      20,
      16
    ],
    [
      17,
      35
    ]
  ],
  "threshold": 0.5,
  "auc_roc": 0.638888888888889,
  "auc_pr": 0.7350502237114087
}