{
  "accuracy": 0.5538461538461539,
  "balanced_accuracy": 0.5833333333333333,
  "precision_lie": 0.7083333333333334,
  "recall_lie": 0.4358974358974359,
  "f1_lie": 0.5396825396825397,
  "macro_f1": 0.5534233593935086,
  "confusion_matrix": [
    [
      38,
      14
    ],
    [
      44,
      34
    ]
  ],
  "threshold": 0.5,
  "auc_roc": 0.5897435897435898,
  "auc_pr": 0.692224446355767
}