{
  "accuracy": 0.5560344827586207,
  "balanced_accuracy": 0.5650545149566676,
  "precision_lie": 0.6226415094339622,
  "recall_lie": 0.40408163265306124,
  "f1_lie": 0.4900990099009901,
  "macro_f1": 0.5484846194543118,
  "confusion_matrix": [
    [
      159,
      60
    ],
    [
      146,
      99
    ]
  ],
  "threshold": 0.5,
  "auc_roc": 0.5871586990960768,
  "auc_pr": 0.6300000556727536,
  "bootstrap_95ci": {
    "accuracy": {
      "low": 0.5064655172413793,
      "high": 0.6013469827586206
    },
    "f1_lie": {
      "low": 0.42506317855176406,
      "high": 0.5476205029689137
    },
    "auc_roc": {
      "low": 0.5344216709167086,
      "high": 0.6358023877815951
    }
  },
  "calibrated_threshold_metrics": {
    "accuracy": 0.5517241379310345,
    "balanced_accuracy": 0.5614574596962072,
    "precision_lie": 0.6209150326797386,
    "recall_lie": 0.3877551020408163,
    "f1_lie": 0.47738693467336685,
    "macro_f1": 0.5424670522423438,
    "confusion_matrix": [
      [
        161,
        58
      ],
      [
        150,
        95
      ]
    ],
    "threshold": 0.5043040856719017,
    "auc_roc": 0.5871586990960768,
    "auc_pr": 0.6300000556727536
  },
  "threshold_calibration": {
    "threshold": 0.5043040856719017,
    "metric": "balanced_accuracy",
    "metric_value": 0.592948717948718
  },
  "val_metrics_default_threshold": {
    "accuracy": 0.5538461538461539,
    "balanced_accuracy": 0.5833333333333333,
    "precision_lie": 0.7083333333333334,
    "recall_lie": 0.4358974358974359,
    "f1_lie": 0.5396825396825397,
    "macro_f1": 0.5534233593935086,
    "confusion_matrix": [
      [
        38,
        14
      ],
      [
        44,
        34
      ]
    ],
    "threshold": 0.5,
    "auc_roc": 0.5897435897435898,
    "auc_pr": 0.692224446355767
  },
  "val_metrics_calibrated_threshold": {
    "accuracy": 0.5615384615384615,
    "balanced_accuracy": 0.592948717948718,
    "precision_lie": 0.723404255319149,
    "recall_lie": 0.4358974358974359,
    "f1_lie": 0.544,
    "macro_f1": 0.5608888888888889,
    "confusion_matrix": [
      [
        39,
        13
      ],
      [
        44,
        34
      ]
    ],
    "threshold": 0.5043040856719017,
    "auc_roc": 0.5897435897435898,
    "auc_pr": 0.692224446355767
  }
}