{
  "accuracy": 0.6956521739130435,
  "balanced_accuracy": 0.6626984126984127,
  "precision_lie": 0.7215189873417721,
  "recall_lie": 0.8142857142857143,
  "f1_lie": 0.7651006711409396,
  "macro_f1": 0.6665009528544203,
  "confusion_matrix": [
    [
      23,
      22
    ],
    [
      13,
      57
    ]
  ],
  "threshold": 0.5,
  "auc_roc": 0.7368253968253968,
  "auc_pr": 0.809608685772133
}