{
  "accuracy": 0.6538461538461539,
  "balanced_accuracy": 0.6634615384615385,
  "precision_lie": 0.7619047619047619,
  "recall_lie": 0.6153846153846154,
  "f1_lie": 0.6808510638297872,
  "macro_f1": 0.6513499016627928,
  "confusion_matrix": [
    [
      37,
      15
    ],
    [
      30,
      48
    ]
  ],
  "threshold": 0.7170215112467606,
  "auc_roc": 0.6646942800788955,
  "auc_pr": 0.7660066406352222
}