{
  "accuracy": 0.5795454545454546,
  "balanced_accuracy": 0.5416666666666666,
  "precision_lie": 0.6190476190476191,
  "recall_lie": 0.75,
  "f1_lie": 0.6782608695652174,
  "macro_f1": 0.5358517462580186,
  "confusion_matrix": [
    [
      12,
      24
    ],
    [
      13,
      39
    ]
  ],
  "threshold": 0.5,
  "auc_roc": 0.6025641025641025,
  "auc_pr": 0.721256321763572
}