{
  "accuracy": 0.5304347826086957,
  "balanced_accuracy": 0.5706349206349206,
  "precision_lie": 0.7105263157894737,
  "recall_lie": 0.38571428571428573,
  "f1_lie": 0.5,
  "macro_f1": 0.5286885245901639,
  "confusion_matrix": [
    [
      34,
      11
    ],
    [
      43,
      27
    ]
  ],
  "threshold": 0.5,
  "auc_roc": 0.6631746031746033,
  "auc_pr": 0.7589669322395742
}