{
  "accuracy": 0.7130434782608696,
  "balanced_accuracy": 0.6888888888888889,
  "precision_lie": 0.7466666666666667,
  "recall_lie": 0.8,
  "f1_lie": 0.7724137931034483,
  "macro_f1": 0.6920892494929006,
  "confusion_matrix": [
    [
      26,
      19
    ],
    [
      14,
      56
    ]
  ],
  "threshold": 0.5578118223283026,
  "auc_roc": 0.6815873015873015,
  "auc_pr": 0.766040290732646
}