{
  "accuracy": 0.6869565217391305,
  "balanced_accuracy": 0.6833333333333333,
  "precision_lie": 0.765625,
  "recall_lie": 0.7,
  "f1_lie": 0.7313432835820896,
  "macro_f1": 0.6781716417910448,
  "confusion_matrix": [
    [
      30,
      15
    ],
    [
      21,
      49
    ]
  ],
  "threshold": 0.5875802613794804,
  "auc_roc": 0.7368253968253968,
  "auc_pr": 0.809608685772133
}