{
  "accuracy": 0.7130434782608696,
  "balanced_accuracy": 0.673015873015873,
  "precision_lie": 0.7228915662650602,
  "recall_lie": 0.8571428571428571,
  "f1_lie": 0.7843137254901961,
  "macro_f1": 0.6778711484593838,
  "confusion_matrix": [
    [
      22,
      23
    ],
    [
      10,
      60
    ]
  ],
  "threshold": 0.5,
  "auc_roc": 0.6815873015873015,
  "auc_pr": 0.766040290732646
}