{
  "accuracy": 0.6153846153846154,
  "balanced_accuracy": 0.5801282051282051,
  "precision_lie": 0.6555555555555556,
  "recall_lie": 0.7564102564102564,
  "f1_lie": 0.7023809523809523,
  "macro_f1": 0.5794513457556936,
  "confusion_matrix": [
    [
      21,
      31
    ],
    [
      19,
      59
    ]
  ],
  "threshold": 0.14210641011595726,
  "auc_roc": 0.5742110453648915,
  "auc_pr": 0.6733458234753902
}