{
  "accuracy": 0.5909090909090909,
  "balanced_accuracy": 0.6111111111111112,
  "precision_lie": 0.7222222222222222,
  "recall_lie": 0.5,
  "f1_lie": 0.5909090909090909,
  "macro_f1": 0.5909090909090909,
  "confusion_matrix": [
    [
      26,
      10
    ],
    [
      26,
      26
    ]
  ],
  "threshold": 0.6483221486210823,
  "auc_roc": 0.6025641025641025,
  "auc_pr": 0.721256321763572
}