run,status,best_epoch,val_auc,val_cal_ba,test_auc,test_ba@0.5,test_cal_ba,test_f1@0.5,test_cal_f1,cal_threshold,path
gated_prior_kl_clean_hard_mask,ok,2,0.6385601577909271,0.6474358974358974,0.5699748392507689,0.5545335942596217,0.5578883608237816,0.5623678646934461,0.5738045738045738,0.49876815676689146,outputs/metrics/retrain_clean_dolos_three_stream_gated_logits_prior_kl/fold3_seed42_test_metrics.json
gated_prior_kl_clean_soft_face_valid,ok,2,0.6466962524654831,0.6217948717948718,0.605721740751095,0.5565837293821638,0.562175006989097,0.38968481375358166,0.6112185686653772,0.49590177834033966,outputs/metrics/retrain_clean_dolos_three_stream_gated_logits_prior_kl_soft_face_valid/fold3_seed42_test_metrics.json
gated_prior_kl_clean_no_visual_mask,ok,2,0.5848126232741618,0.592948717948718,0.5937191314882118,0.5185071288789488,0.5541794800111826,0.698140200286123,0.6552315608919382,0.5054704092797779,outputs/metrics/retrain_clean_dolos_three_stream_gated_logits_prior_kl_no_visual_mask/fold3_seed42_test_metrics.json
gated_prior_kl_mixed_original,ok,3,0.5902366863905325,0.5833333333333333,0.6233156276209115,0.5914733016494269,0.5965613642717361,0.6438095238095238,0.6128364389233955,0.5113890767097473,outputs/metrics/dolos_three_stream_gated_logits_prior_kl/fold3_seed42_test_metrics.json
