variant,fold,status,best_epoch,val_auc,test_auc,test_ba@0.5,test_cal_ba,test_f1@0.5,test_cal_f1,path
hard_mask,fold1,ok,5,0.5993589743589743,0.6119748367301462,0.5717787414936835,0.5526234594353692,0.6552901023890785,0.5598377281947262,outputs/metrics/retrain_clean_dolos_three_stream_gated_logits_prior_kl/fold1_seed42_test_metrics.json
hard_mask,fold2,ok,5,0.6441269841269843,0.6605795950774116,0.6255329064328494,0.6146762863109929,0.6603415559772297,0.5614849187935035,outputs/metrics/retrain_clean_dolos_three_stream_gated_logits_prior_kl/fold2_seed42_test_metrics.json
hard_mask,fold3,ok,2,0.6385601577909271,0.5699748392507689,0.5545335942596217,0.5578883608237816,0.5623678646934461,0.5738045738045738,outputs/metrics/retrain_clean_dolos_three_stream_gated_logits_prior_kl/fold3_seed42_test_metrics.json
soft_face_valid,fold1,ok,2,0.5817307692307693,0.5959306810195582,0.5563602392910403,0.556000274259072,0.6475548060708263,0.5691382765531062,outputs/metrics/retrain_clean_dolos_three_stream_gated_logits_prior_kl_soft_face_valid/fold1_seed42_test_metrics.json
soft_face_valid,fold2,ok,1,0.6365079365079366,0.6225037540777051,0.5243195194780538,0.5853685900201944,0.6875891583452212,0.5750528541226215,outputs/metrics/retrain_clean_dolos_three_stream_gated_logits_prior_kl_soft_face_valid/fold2_seed42_test_metrics.json
soft_face_valid,fold3,ok,2,0.6466962524654831,0.605721740751095,0.5565837293821638,0.562175006989097,0.38968481375358166,0.6112185686653772,outputs/metrics/retrain_clean_dolos_three_stream_gated_logits_prior_kl_soft_face_valid/fold3_seed42_test_metrics.json
hard_mask,mean_3fold,ok,,0.6273487054256286,0.6141764236861088,0.5839484140620516,0.5750627021900478,0.625999841019918,0.5650424069309345,
soft_face_valid,mean_3fold,ok,,0.621644986068063,0.6080520586161194,0.5457544960504194,0.5678479570894545,0.5749429260565431,0.5851365664470349,
