variant,fold,status,best_epoch,val_auc,test_auc,test_ba@0.5,test_cal_ba,test_f1@0.5,test_cal_f1,path
hard_mask,fold1,ok,5,0.5993589743589743,0.6119748367301462,0.5717787414936835,0.5526234594353692,0.6552901023890785,0.5598377281947262,outputs/metrics/retrain_clean_dolos_three_stream_gated_logits_prior_kl/fold1_seed42_test_metrics.json
hard_mask,fold3,ok,2,0.6385601577909271,0.5699748392507689,0.5545335942596217,0.5578883608237816,0.5623678646934461,0.5738045738045738,outputs/metrics/retrain_clean_dolos_three_stream_gated_logits_prior_kl/fold3_seed42_test_metrics.json
soft_face_valid,fold1,ok,2,0.5817307692307693,0.5959306810195582,0.5563602392910403,0.556000274259072,0.6475548060708263,0.5691382765531062,outputs/metrics/retrain_clean_dolos_three_stream_gated_logits_prior_kl_soft_face_valid/fold1_seed42_test_metrics.json
soft_face_valid,fold3,ok,2,0.6466962524654831,0.605721740751095,0.5565837293821638,0.562175006989097,0.38968481375358166,0.6112185686653772,outputs/metrics/retrain_clean_dolos_three_stream_gated_logits_prior_kl_soft_face_valid/fold3_seed42_test_metrics.json
hard_mask,mean_fold1_fold3,ok,,0.6189595660749507,0.5909748379904576,0.5631561678766526,0.5552559101295753,0.6088289835412624,0.56682115099965,
soft_face_valid,mean_fold1_fold3,ok,,0.6142135108481261,0.6008262108853266,0.556471984336602,0.5590876406240844,0.5186198099122039,0.5901784226092417,
