{
  "accuracy": 0.5230769230769231,
  "balanced_accuracy": 0.5865384615384616,
  "precision_lie": 0.8076923076923077,
  "recall_lie": 0.2692307692307692,
  "f1_lie": 0.40384615384615385,
  "macro_f1": 0.5032051282051282,
  "confusion_matrix": [
    [
      47,
      5
    ],
    [
      57,
      21
    ]
  ],
  "threshold": 0.5410626381635666,
  "auc_roc": 0.5680473372781065,
  "auc_pr": 0.6896384433316907
}