{
  "accuracy": 0.5307692307692308,
  "balanced_accuracy": 0.5032051282051282,
  "precision_lie": 0.6024096385542169,
  "recall_lie": 0.6410256410256411,
  "f1_lie": 0.6211180124223602,
  "macro_f1": 0.502478198130372,
  "confusion_matrix": [
    [
      19,
      33
    ],
    [
      28,
      50
    ]
  ],
  "threshold": 0.5,
  "auc_roc": 0.5680473372781065,
  "auc_pr": 0.6896384433316907
}