clip_suspect_contamination,n,accuracy,balanced_accuracy,f1_lie,auc_roc,error_rate,mean_score_lie
False,180,0.6111111111111112,0.6032388663967612,0.6601941747572816,0.6606781376518218,0.38888888888888884,0.5271454760176144
True,1250,0.5912,0.5934583753260041,0.5787304204451772,0.6199887677619381,0.40880000000000005,0.5158648909624505
