fold,method,w_cross_attention_auc,w_gated_prior_kl,val_auc_roc,val_balanced_accuracy,test_auc_roc,test_balanced_accuracy,test_f1_lie,test_macro_f1
mean,cross_attention_auc,1.0,0.0,0.5961269215115369,0.6087708587708588,0.6059034476700981,0.5670284283549615,0.4805800533255676,0.5302200343498008
mean,gated_prior_kl,0.0,1.0,0.6332214864907173,0.6265567765567766,0.643770851118952,0.5939100617764207,0.6026902008310396,0.5926072689213212
mean,ensemble_raw_balanced_accuracy,0.08666666666666667,0.9133333333333332,0.6413088976550515,0.6424603174603175,0.6526917102697948,0.5944191490538774,0.6209511113708533,0.592936698504224
mean,ensemble_raw_auc_roc,0.41333333333333333,0.5866666666666667,0.6421218809680348,0.6315628815628815,0.6532228348538868,0.5960942787505363,0.5894458274761533,0.5929567255803169
mean,ensemble_logit_balanced_accuracy,0.08666666666666667,0.9133333333333332,0.6412030775492314,0.6424603174603175,0.6526573089504164,0.5944191490538774,0.6209511113708533,0.592936698504224
mean,ensemble_logit_auc_roc,0.3333333333333333,0.6666666666666666,0.6419438182899722,0.637962962962963,0.6550737267835801,0.5971865228104289,0.6130025382048889,0.5963762422493447
