fold,method,w_cross_attention_auc,w_gated_prior_kl,val_auc_roc,val_balanced_accuracy,test_auc_roc,test_balanced_accuracy,test_f1_lie,test_macro_f1
mean,cross_attention_auc,1.0,0.0,0.6224402805172037,0.622049247049247,0.6197966441856452,0.5721627226464537,0.48358083123339807,0.5229539489842406
mean,gated_prior_kl,0.0,1.0,0.6332214864907173,0.6265567765567766,0.643770851118952,0.5939100617764207,0.6026902008310396,0.5926072689213212
mean,ensemble_raw_balanced_accuracy,0.6533333333333334,0.3466666666666667,0.653669734823581,0.6501831501831502,0.6542570436652325,0.6054182731554928,0.6139188936987624,0.601306338354237
mean,ensemble_raw_auc_roc,0.6166666666666667,0.3833333333333333,0.6545737453429762,0.6416361416361417,0.6519832574384129,0.5999543524273842,0.5905961742976116,0.5952994792598741
mean,ensemble_logit_balanced_accuracy,0.6533333333333333,0.3466666666666667,0.6535053692746001,0.6501831501831502,0.6539762552542935,0.6046572381478824,0.6135005660251563,0.6005070121625657
mean,ensemble_logit_auc_roc,0.62,0.38000000000000006,0.6545737453429762,0.6416361416361417,0.6519261201317513,0.5999543524273842,0.5905961742976116,0.5952994792598741
