clip_suspect_contamination,n,accuracy,balanced_accuracy,f1_lie,auc_roc,error_rate,mean_score_lie
False,179,0.6703910614525139,0.6678125795772855,0.7035175879396985,0.6694677871148459,0.3296089385474861,0.5364511105988613
True,1251,0.583533173461231,0.5902267384390029,0.5233302836230558,0.6255332988471014,0.416466826538769,0.5174845739526042
